ts,current_bytes,peak_bytes
1781135466,224563200,310992896
1781135467,224567296,310992896
1781135468,224526336,310992896
1781135469,224526336,310992896
1781135470,224526336,310992896
1781135471,224518144,310992896
1781135472,190046208,310992896
1781135473,189988864,310992896
1781135474,189988864,310992896
1781135475,189988864,310992896
1781135476,189947904,310992896
1781135477,202473472,310992896
1781135478,202473472,310992896
1781135479,202473472,310992896
1781135480,202469376,310992896
1781135481,202469376,310992896
1781135482,202416128,310992896
1781135483,202416128,310992896
1781135484,202416128,310992896
1781135485,202416128,310992896
1781135486,202416128,310992896
1781135487,188555264,310992896
1781135488,188555264,310992896
1781135489,188555264,310992896
1781135490,188555264,310992896
1781135491,188555264,310992896
1781135492,188526592,310992896
1781135493,188526592,310992896
1781135494,188526592,310992896
1781135495,188526592,310992896
1781135496,188526592,310992896
1781135498,188526592,310992896
1781135499,215322624,310992896
1781135500,1017425920,1041604608
1781135501,1525264384,1777225728
1781135502,1988485120,1990295552
1781135503,2596417536,2596646912
1781135600,22786048,23834624
1781135601,96968704,97824768
1781135602,243195904,302039040
1781135603,225398784,302039040
1781135604,225419264,302039040
1781135605,225419264,302039040
1781135605,225419264,302039040
1781135606,225460224,302039040
1781135606,225460224,302039040
1781135607,225464320,302039040
1781135607,225464320,302039040
1781135608,225427456,302039040
1781135608,225427456,302039040
1781135609,225427456,302039040
1781135609,225427456,302039040
1781135610,225427456,302039040
1781135610,225427456,302039040
1781135611,225406976,302039040
1781135611,225406976,302039040
1781135612,189935616,302039040
1781135612,189935616,302039040
1781135613,189935616,302039040
1781135613,189935616,302039040
1781135614,189935616,302039040
1781135614,189935616,302039040
1781135615,189935616,302039040
1781135615,189935616,302039040
1781135616,189894656,302039040
1781135616,189894656,302039040
1781135617,202215424,302039040
1781135617,202215424,302039040
1781135618,202215424,302039040
1781135618,202215424,302039040
1781135619,202215424,302039040
1781135619,202215424,302039040
1781135620,202207232,302039040
1781135620,202207232,302039040
1781135621,202207232,302039040
1781135621,202207232,302039040
1781135622,202182656,302039040
1781135622,202182656,302039040
1781135623,202182656,302039040
1781135623,202182656,302039040
1781135624,202182656,302039040
1781135624,202182656,302039040
1781135625,202182656,302039040
1781135625,202182656,302039040
1781135626,202182656,302039040
1781135626,202182656,302039040
1781135627,188293120,302039040
1781135627,188293120,302039040
1781135628,188293120,302039040
1781135628,188293120,302039040
1781135629,188293120,302039040
1781135629,188293120,302039040
1781135630,188293120,302039040
1781135630,188293120,302039040
1781135631,188293120,302039040
1781135631,188293120,302039040
1781135632,188264448,302039040
1781135632,188264448,302039040
1781135633,188264448,302039040
1781135633,188264448,302039040
1781135634,188264448,302039040
1781135634,188264448,302039040
1781135635,188264448,302039040
1781135635,188264448,302039040
1781135636,188264448,302039040
1781135636,188264448,302039040
1781135637,230428672,302039040
1781135637,230252544,302039040
1781135638,215027712,302039040
1781135638,215027712,302039040
1781135639,1642139648,1932292096
1781135639,1642139648,1932292096
1781135640,1690570752,1932292096
1781135640,1691357184,1932292096
1781135641,2000318464,2002784256
1781135641,2000293888,2002784256
1781135642,4305674240,4311064576
1781135642,4288319488,4312379392
1781135643,6010486784,6442450944
1781135644,5822107648,6442450944
1781135821,34488320,35532800
1781135822,182165504,182689792
1781135823,242434048,308473856
1781135824,225558528,308473856
1781135825,225566720,308473856
1781135827,225566720,308473856
1781135827,225611776,308473856
1781135828,225611776,308473856
1781135828,225624064,308473856
1781135829,225619968,308473856
1781135829,225628160,308473856
1781135830,225566720,308473856
1781135830,225566720,308473856
1781135831,225566720,308473856
1781135831,225566720,308473856
1781135832,225566720,308473856
1781135832,225566720,308473856
1781135833,225542144,308473856
1781135833,207101952,308473856
1781135834,189763584,308473856
1781135834,189763584,308473856
1781135835,189763584,308473856
1781135835,189763584,308473856
1781135836,189763584,308473856
1781135836,189763584,308473856
1781135837,189763584,308473856
1781135837,189763584,308473856
1781135838,189734912,308473856
1781135838,229875712,308473856
1781135839,202256384,308473856
1781135839,202256384,308473856
1781135840,202256384,308473856
1781135840,202256384,308473856
1781135841,202510336,308473856
1781135841,202256384,308473856
1781135842,202252288,308473856
1781135842,202252288,308473856
1781135843,202252288,308473856
1781135843,202252288,308473856
1781135844,202227712,308473856
1781135844,202227712,308473856
1781135845,202227712,308473856
1781135845,202227712,308473856
1781135846,202227712,308473856
1781135846,202227712,308473856
1781135847,202227712,308473856
1781135847,202227712,308473856
1781135848,202199040,308473856
1781135848,202199040,308473856
1781135849,188338176,308473856
1781135849,188338176,308473856
1781135850,188338176,308473856
1781135850,188338176,308473856
1781135851,188338176,308473856
1781135851,188338176,308473856
1781135852,215289856,308473856
1781135852,215121920,308473856
1781135853,738197504,741830656
1781135853,1216860160,1219006464
1781135854,1715023872,1929515008
1781135854,1571491840,1929515008
1781135855,1940971520,1951432704
1781135855,2038845440,2041315328
1781135856,2038435840,2041315328
1781135856,2071990272,2073088000
1781135857,4954574848,4956717056
1781135857,4954857472,4956717056
1781135858,6751039488,6753599488
1781135858,7986016256,7998341120
1781135859,9264496640,9270530048
1781135859,9902211072,9913397248
1781135860,11503611904,11505508352
1781135860,9355919360,12884901888
1781135994,112611328,112885760
1781135994,121561088,123342848
1781135995,325632000,329039872
1781135995,386416640,415719424
1781135996,351625216,415719424
1781135996,337776640,415719424
1781135997,337776640,415719424
1781135997,337784832,415719424
1781135998,337784832,415719424
1781135998,337784832,415719424
1781135999,337825792,415719424
1781135999,337825792,415719424
1781136000,337825792,415719424
1781136000,337833984,415719424
1781136000,337833984,415719424
1781136001,337838080,415719424
1781136001,337838080,415719424
1781136001,337805312,415719424
1781136002,337793024,415719424
1781136002,337793024,415719424
1781136002,337793024,415719424
1781136003,337793024,415719424
1781136003,337793024,415719424
1781136003,337793024,415719424
1781136004,337793024,415719424
1781136004,337793024,415719424
1781136004,337788928,415719424
1781136005,323969024,415719424
1781136005,323887104,415719424
1781136005,320200704,415719424
1781136006,302772224,415719424
1781136006,302772224,415719424
1781136006,302772224,415719424
1781136007,302772224,415719424
1781136007,302772224,415719424
1781136007,302772224,415719424
1781136008,302772224,415719424
1781136008,302772224,415719424
1781136008,302772224,415719424
1781136009,302772224,415719424
1781136009,302772224,415719424
1781136009,302739456,415719424
1781136010,331993088,415719424
1781136010,344186880,415719424
1781136010,316579840,415719424
1781136011,316563456,415719424
1781136011,316563456,415719424
1781136011,316563456,415719424
1781136012,316563456,415719424
1781136012,316563456,415719424
1781136013,316563456,415719424
1781136013,316571648,415719424
1781136013,316571648,415719424
1781136014,316567552,415719424
1781136014,316567552,415719424
1781136014,316567552,415719424
1781136015,316567552,415719424
1781136015,316567552,415719424
1781136015,316567552,415719424
1781136016,316567552,415719424
1781136016,316542976,415719424
1781136016,316542976,415719424
1781136017,316542976,415719424
1781136017,316542976,415719424
1781136017,316542976,415719424
1781136018,316542976,415719424
1781136018,316542976,415719424
1781136018,316542976,415719424
1781136019,316542976,415719424
1781136019,316542976,415719424
1781136019,316542976,415719424
1781136020,316542976,415719424
1781136020,316514304,415719424
1781136020,316514304,415719424
1781136021,302678016,415719424
1781136021,302653440,415719424
1781136021,302653440,415719424
1781136022,302653440,415719424
1781136022,302653440,415719424
1781136022,302653440,415719424
1781136023,302653440,415719424
1781136023,302653440,415719424
1781136023,302653440,415719424
1781136024,302653440,415719424
1781136024,302649344,415719424
1781136024,302649344,415719424
1781136025,302649344,415719424
1781136025,302649344,415719424
1781136025,302620672,415719424
1781136026,302620672,415719424
1781136026,302620672,415719424
1781136026,302620672,415719424
1781136027,302620672,415719424
1781136027,302620672,415719424
1781136027,302620672,415719424
1781136028,302620672,415719424
1781136028,344408064,415719424
1781136029,344059904,415719424
1781136029,329760768,415719424
1781136029,337862656,415719424
1781136030,459763712,460812288
1781136030,985821184,990015488
1781136030,1675223040,1679155200
1781136031,2009227264,2011062272
1781136031,1732444160,2037276672
1781136031,1704763392,2037276672
1781136032,1747492864,2037276672
1781136032,1931292672,2037276672
1781136032,2090106880,2091220992
1781136033,2090344448,2091220992
1781136033,2090037248,2091220992
1781136033,2099810304,2104713216
1781136034,2100047872,2104713216
1781136034,2101346304,2105696256
1781136034,2100396032,2105696256
1781136035,2100875264,2105696256
1781136035,2100375552,2105696256
1781136036,2100350976,2105696256
1781136036,2100609024,2105696256
1781136036,2100326400,2105696256
1781136037,2100322304,2105696256
1781136037,2100600832,2105696256
1781136037,2100326400,2105696256
1781136038,2100322304,2105696256
1781136038,2100355072,2105696256
1781136038,2100367360,2105696256
1781136039,2100350976,2105696256
1781136039,2100617216,2105696256
1781136039,2100346880,2105696256
1781136040,2100342784,2105696256
1781136040,2100613120,2105696256
1781136040,2100350976,2105696256
1781136041,2100080640,2105696256
1781136041,2100080640,2105696256
1781136041,2099843072,2105696256
1781136042,2099834880,2105696256
1781136042,2100379648,2105696256
1781136042,2100105216,2105696256
1781136043,2100371456,2105696256
1781136043,2099929088,2105696256
1781136043,2099920896,2105696256
1781136044,2086129664,2105696256
1781136044,2085969920,2105696256
1781136044,2085421056,2105696256
1781136045,2085138432,2105696256
1781136045,2085138432,2105696256
1781136045,2085109760,2105696256
1781136046,2085142528,2105696256
1781136046,2085105664,2105696256
1781136046,2085044224,2105696256
1781136047,2085101568,2105696256
1781136047,2085101568,2105696256
1781136047,2085093376,2105696256
1781136048,2085097472,2105696256
1781136048,2085097472,2105696256
1781136048,2085089280,2105696256
1781136049,2085113856,2105696256
1781136049,2085113856,2105696256
1781136049,2085105664,2105696256
1781136050,2085093376,2105696256
1781136050,2085093376,2105696256
1781136050,2085085184,2105696256
1781136051,2085113856,2105696256
1781136051,2085113856,2105696256
1781136051,2085105664,2105696256
1781136052,2085122048,2105696256
1781136052,2085122048,2105696256
1781136052,2085113856,2105696256
1781136053,2085138432,2105696256
1781136053,2085138432,2105696256
1781136053,2085126144,2105696256
1781136054,2085126144,2105696256
1781136054,2085126144,2105696256
1781136054,2085117952,2105696256
1781136055,2085146624,2105696256
1781136055,2085146624,2105696256
1781136055,2085138432,2105696256
1781136056,2085142528,2105696256
1781136056,2085142528,2105696256
1781136056,2085134336,2105696256
1781136057,2085220352,2105696256
1781136057,2085220352,2105696256
1781136057,2085212160,2105696256
1781136058,2085265408,2105696256
1781136058,2085265408,2105696256
1781136058,2085240832,2105696256
1781136059,2085240832,2105696256
1781136059,2085240832,2105696256
1781136059,2085232640,2105696256
1781136060,2114879488,2116091904
1781136060,2114879488,2116091904
1781136060,2101059584,2116091904
1781136061,2101374976,2116091904
1781136061,2101370880,2116091904
1781136061,2102145024,2116091904
1781136062,2092085248,2116091904
1781136062,2092085248,2116091904
1781136062,2092077056,2116091904
1781136063,2092089344,2116091904
1781136063,2092089344,2116091904
1781136063,2092085248,2116091904
1781136064,2092101632,2116091904
1781136064,2092101632,2116091904
1781136064,2092093440,2116091904
1781136065,2092109824,2116091904
1781136065,2092109824,2116091904
1781136065,2092101632,2116091904
1781136066,2092105728,2116091904
1781136066,2092105728,2116091904
1781136066,2092101632,2116091904
1781136067,2091823104,2116091904
1781136067,2091823104,2116091904
1781136067,2091823104,2116091904
1781136068,2091843584,2116091904
1781136068,2091843584,2116091904
1781136069,2091843584,2116091904
1781136069,2091851776,2116091904
1781136069,2091851776,2116091904
1781136070,2091851776,2116091904
1781136070,2078052352,2116091904
1781136070,2078052352,2116091904
1781136071,2078052352,2116091904
1781136071,2077749248,2116091904
1781136071,2077749248,2116091904
1781136072,2076811264,2116091904
1781136072,2076782592,2116091904
1781136072,2076782592,2116091904
1781136073,2076782592,2116091904
1781136073,2076536832,2116091904
1781136073,2076536832,2116091904
1781136074,2076536832,2116091904
1781136074,2076540928,2116091904
1781136074,2076540928,2116091904
1781136075,2076540928,2116091904
1781136075,2076508160,2116091904
1781136075,2076508160,2116091904
1781136076,2076508160,2116091904
1781136076,2076446720,2116091904
1781136076,2076446720,2116091904
1781136077,2076446720,2116091904
1781136077,2076655616,2116091904
1781136077,2076655616,2116091904
1781136078,2076655616,2116091904
1781136078,2076655616,2116091904
1781136078,2076655616,2116091904
1781136079,2076655616,2116091904
1781136079,2076663808,2116091904
1781136079,2076663808,2116091904
1781136080,2076663808,2116091904
1781136080,2076663808,2116091904
1781136080,2076663808,2116091904
1781136081,2105671680,2116091904
1781136081,2091065344,2116091904
1781136081,2091065344,2116091904
1781136082,2091442176,2116091904
1781136082,2090917888,2116091904
1781136082,2090917888,2116091904
1781136083,2090938368,2116091904
1781136083,2090913792,2116091904
1781136083,2090913792,2116091904
1781136084,2091180032,2116091904
1781136084,2090913792,2116091904
1781136084,2090913792,2116091904
1781136085,2090938368,2116091904
1781136085,2090930176,2116091904
1781136085,2090930176,2116091904
1781136086,2090942464,2116091904
1781136086,2090930176,2116091904
1781136086,2090930176,2116091904
1781136087,2090938368,2116091904
1781136087,2090926080,2116091904
1781136087,2090926080,2116091904
1781136088,2090942464,2116091904
1781136088,2090930176,2116091904
1781136088,2090930176,2116091904
1781136089,2090934272,2116091904
1781136089,2090926080,2116091904
1781136089,2090926080,2116091904
1781136090,2090938368,2116091904
1781136090,2090930176,2116091904
1781136090,2090930176,2116091904
1781136091,2090590208,2116091904
1781136091,2076631040,2116091904
1781136091,2076631040,2116091904
1781136092,2076659712,2116091904
1781136093,2076643328,2116091904
1781136093,2076643328,2116091904
1781136093,2076770304,2116091904
1781136094,2076733440,2116091904
1781136094,2076733440,2116091904
1781136094,2076749824,2116091904
1781136095,2076737536,2116091904
1781136095,2076737536,2116091904
1781136095,2076758016,2116091904
1781136096,2076749824,2116091904
1781136096,2076749824,2116091904
1781136096,2076749824,2116091904
1781136097,2076737536,2116091904
1781136097,2076737536,2116091904
1781136097,2077011968,2116091904
1781136098,2076745728,2116091904
1781136098,2076745728,2116091904
1781136098,2076762112,2116091904
1781136099,2076749824,2116091904
1781136099,2076749824,2116091904
1781136099,2076766208,2116091904
1781136100,2090782720,2116091904
1781136100,2090782720,2116091904
1781136100,2090725376,2116091904
1781136101,2094624768,2116091904
1781136101,2094624768,2116091904
1781136101,2094481408,2116091904
1781136102,2094469120,2116091904
1781136102,2094469120,2116091904
1781136102,2094440448,2116091904
1781136103,2094538752,2116091904
1781136103,2094538752,2116091904
1781136103,2094522368,2116091904
1781136104,2094989312,2116091904
1781136104,2094989312,2116091904
1781136104,2094682112,2116091904
1781136105,2094444544,2116091904
1781136105,2094473216,2116091904
1781136105,2094452736,2116091904
1781136106,2094432256,2116091904
1781136106,2094432256,2116091904
1781136106,2094419968,2116091904
1781136107,2094411776,2116091904
1781136107,2094411776,2116091904
1781136107,2094395392,2116091904
1781136108,2094387200,2116091904
1781136108,2094387200,2116091904
1781136108,2094395392,2116091904
1781136109,2094387200,2116091904
1781136109,2094387200,2116091904
1781136109,2094403584,2116091904
1781136110,2080595968,2116091904
1781136110,2080595968,2116091904
1781136110,2080620544,2116091904
1781136111,2079010816,2116091904
1781136111,2079010816,2116091904
1781136111,2078990336,2116091904
1781136112,2078982144,2116091904
1781136112,2078982144,2116091904
1781136112,2079002624,2116091904
1781136113,2078994432,2116091904
1781136113,2078994432,2116091904
1781136113,2078973952,2116091904
1781136114,2078965760,2116091904
1781136114,2078965760,2116091904
1781136114,2078978048,2116091904
1781136115,2078961664,2116091904
1781136115,2078961664,2116091904
1781136115,2078994432,2116091904
1781136116,2078949376,2116091904
1781136116,2078949376,2116091904
1781136116,2079113216,2116091904
1781136117,2079117312,2116091904
1781136117,2079117312,2116091904
1781136117,2079100928,2116091904
1781136118,2079117312,2116091904
1781136118,2079117312,2116091904
1781136118,2079105024,2116091904
1781136119,2079371264,2116091904
1781136119,2079371264,2116091904
1781136119,2079113216,2116091904
1781136120,2079236096,2116091904
1781136120,2079236096,2116091904
1781136120,2079141888,2116091904
1781136121,2118955008,2122993664
1781136121,2118955008,2122993664
1781136121,2104885248,2122993664
1781136122,2100854784,2122993664
1781136122,2100854784,2122993664
1781136122,2100051968,2122993664
1781136123,2100035584,2122993664
1781136123,2100035584,2122993664
1781136123,2100285440,2122993664
1781136124,2101698560,2122993664
1781136124,2102476800,2122993664
1781136124,2101157888,2122993664
1781136125,2100908032,2122993664
1781136125,2100908032,2122993664
1781136125,2100903936,2122993664
1781136126,2100899840,2122993664
1781136126,2100899840,2122993664
1781136126,2100899840,2122993664
1781136127,2100903936,2122993664
1781136127,2100903936,2122993664
1781136127,2100858880,2122993664
1781136128,2100867072,2122993664
1781136128,2100867072,2122993664
1781136128,2100858880,2122993664
1781136129,2100862976,2122993664
1781136129,2100862976,2122993664
1781136129,2100797440,2122993664
1781136130,2100813824,2122993664
1781136130,2100813824,2122993664
1781136130,2100805632,2122993664
1781136131,2084667392,2122993664
1781136131,2084667392,2122993664
1781136131,2083819520,2122993664
1781136132,2083790848,2122993664
1781136132,2083790848,2122993664
1781136132,2083782656,2122993664
1781136133,2083762176,2122993664
1781136133,2083762176,2122993664
1781136133,2083442688,2122993664
1781136134,2082435072,2122993664
1781136134,2082435072,2122993664
1781136134,2082426880,2122993664
1781136135,2082439168,2122993664
1781136135,2082439168,2122993664
1781136135,2082430976,2122993664
1781136136,2082443264,2122993664
1781136136,2082443264,2122993664
1781136136,2082435072,2122993664
1781136137,2084151296,2122993664
1781136137,2084151296,2122993664
1781136138,2083950592,2122993664
1781136138,2083971072,2122993664
1781136138,2083971072,2122993664
1781136139,2083962880,2122993664
1781136139,2083966976,2122993664
1781136139,2083966976,2122993664
1781136140,2083958784,2122993664
1781136140,2083962880,2122993664
1781136140,2083962880,2122993664
1781136141,2083954688,2122993664
1781136141,2110955520,2122993664
1781136141,2110955520,2122993664
1781136142,2097741824,2122993664
1781136142,2097229824,2122993664
1781136142,2097229824,2122993664
1781136143,2096766976,2122993664
1781136143,2096754688,2122993664
1781136143,2096754688,2122993664
1781136144,2096746496,2122993664
1781136144,2097311744,2122993664
1781136144,2097385472,2122993664
1781136145,2097049600,2122993664
1781136145,2096787456,2122993664
1781136145,2097049600,2122993664
1781136146,2097053696,2122993664
1781136146,2097057792,2122993664
1781136146,2097057792,2122993664
1781136147,2096787456,2122993664
1781136147,2096787456,2122993664
1781136147,2096787456,2122993664
1781136148,2096779264,2122993664
1781136148,2096762880,2122993664
1781136148,2096762880,2122993664
1781136149,2096758784,2122993664
1781136149,2096758784,2122993664
1781136149,2096758784,2122993664
1781136150,2096754688,2122993664
1781136150,2096750592,2122993664
1781136150,2096750592,2122993664
1781136151,2096746496,2122993664
1781136151,2082615296,2122993664
1781136151,2082615296,2122993664
1781136152,2082541568,2122993664
1781136152,2082545664,2122993664
1781136152,2082545664,2122993664
1781136153,2082541568,2122993664
1781136153,2082766848,2122993664
1781136153,2082766848,2122993664
1781136154,2082766848,2122993664
1781136154,2082770944,2122993664
1781136154,2082770944,2122993664
1781136155,2082770944,2122993664
1781136155,2082770944,2122993664
1781136155,2082770944,2122993664
1781136156,2082770944,2122993664
1781136156,2082775040,2122993664
1781136156,2082775040,2122993664
1781136157,2082775040,2122993664
1781136158,2082877440,2122993664
1781136158,2082877440,2122993664
1781136158,2082877440,2122993664
1781136159,2082885632,2122993664
1781136159,2082885632,2122993664
1781136159,2082852864,2122993664
1781136160,2082852864,2122993664
1781136160,2082852864,2122993664
1781136160,2082852864,2122993664
1781136161,2082848768,2122993664
1781136161,2082848768,2122993664
1781136161,2082848768,2122993664
1781136162,2082848768,2122993664
1781136162,2082848768,2122993664
1781136162,2082848768,2122993664
1781136163,2082852864,2122993664
1781136163,2082852864,2122993664
1781136163,2111844352,2122993664
1781136164,2097143808,2122993664
1781136164,2098122752,2122993664
1781136164,2098528256,2122993664
1781136165,2115534848,2122993664
1781136165,2115182592,2122993664
1781136165,2121482240,2124431360
1781136166,2136993792,2143059968
1781136166,2137255936,2143059968
1781136166,2137661440,2143059968
1781136167,2137206784,2143059968
1781136167,2137206784,2143059968
1781136167,2137726976,2143059968
1781136168,2137772032,2143059968
1781136168,2137772032,2143059968
1781136168,2137669632,2143059968
1781136169,2137780224,2143059968
1781136169,2137772032,2143059968
1781136169,2137497600,2143059968
1781136170,2137260032,2143059968
1781136170,2137260032,2143059968
1781136170,2137518080,2143059968
1781136171,2137276416,2143059968
1781136171,2137276416,2143059968
1781136171,2137538560,2143059968
1781136172,2137546752,2143059968
1781136172,2137808896,2143059968
1781136172,2138738688,2143059968
1781136173,2138386432,2143059968
1781136173,2138386432,2143059968
1781136173,2137833472,2143059968
1781136174,2124304384,2143059968
1781136174,2124304384,2143059968
1781136174,2124058624,2143059968
1781136175,2124058624,2143059968
1781136175,2124058624,2143059968
1781136175,2124308480,2143059968
1781136176,2123489280,2143059968
1781136176,2122973184,2143059968
1781136176,2121338880,2143059968
1781136177,2119401472,2143059968
1781136177,2119401472,2143059968
1781136177,2119409664,2143059968
1781136178,2119139328,2143059968
1781136178,2119139328,2143059968
1781136178,2119667712,2143059968
1781136179,2119401472,2143059968
1781136179,2119143424,2143059968
1781136179,2119663616,2143059968
1781136180,2119671808,2143059968
1781136180,2119671808,2143059968
1781136180,2119598080,2143059968
1781136181,2119405568,2143059968
1781136181,2119405568,2143059968
1781136181,2119376896,2143059968
1781136182,2119888896,2143059968
1781136182,2119888896,2143059968
1781136182,2118766592,2143059968
1781136183,2118000640,2143059968
1781136183,2118000640,2143059968
1781136183,2118012928,2143059968
1781136184,2135318528,2153390080
1781136184,2135318528,2153390080
1781136184,2135003136,2153390080
1781136185,2135007232,2153390080
1781136185,2135007232,2153390080
1781136185,2135007232,2153390080
1781136186,2769645568,2771791872
1781136186,2769645568,2771791872
1781136186,2769833984,2771791872
1781136187,2770763776,2772279296
1781136187,2770763776,2772279296
1781136187,2742419456,2772279296
1781136188,2741047296,2772279296
1781136188,2741047296,2772279296
1781136188,2741067776,2772279296
1781136189,2742194176,2777653248
1781136189,2742194176,2777653248
1781136189,2742153216,2777653248
1781136190,2742116352,2777653248
1781136190,2742116352,2777653248
1781136190,2742386688,2777653248
1781136191,2742120448,2777653248
1781136191,2742120448,2777653248
1781136191,2742140928,2777653248
1781136192,2742136832,2777653248
1781136192,2742136832,2777653248
1781136192,2742140928,2777653248
1781136193,2742136832,2777653248
1781136193,2742136832,2777653248
1781136193,2742145024,2777653248
1781136194,2728337408,2777653248
1781136194,2728337408,2777653248
1781136194,2728345600,2777653248
1781136195,2728337408,2777653248
1781136195,2728337408,2777653248
1781136195,2728345600,2777653248
1781136196,2727407616,2777653248
1781136196,2727407616,2777653248
1781136196,2727424000,2777653248
1781136197,2727055360,2777653248
1781136197,2727055360,2777653248
1781136197,2726027264,2777653248
1781136198,2726010880,2777653248
1781136198,2726010880,2777653248
1781136198,2725994496,2777653248
1781136199,2725388288,2777653248
1781136199,2725388288,2777653248
1781136199,2725298176,2777653248
1781136200,2725281792,2777653248
1781136200,2725281792,2777653248
1781136200,2725289984,2777653248
1781136201,2725310464,2777653248
1781136201,2725310464,2777653248
1781136201,2725330944,2777653248
1781136202,2725306368,2777653248
1781136202,2725306368,2777653248
1781136202,2725584896,2777653248
1781136203,2725359616,2777653248
1781136203,2725359616,2777653248
1781136203,2725376000,2777653248
1781136204,2725363712,2777653248
1781136204,2725363712,2777653248
1781136204,2725642240,2777653248
1781136205,2725363712,2777653248
1781136205,2725363712,2777653248
1781136205,2725384192,2777653248
1781136206,2725363712,2777653248
1781136206,2725363712,2777653248
1781136206,2725896192,2777653248
1781136207,2725363712,2777653248
1781136207,2725363712,2777653248
1781136207,2725376000,2777653248
1781136208,2725371904,2777653248
1781136208,2725371904,2777653248
1781136209,2725380096,2777653248
1781136209,2725371904,2777653248
1781136209,2725371904,2777653248
1781136210,2725380096,2777653248
1781136210,2725371904,2777653248
1781136210,2725371904,2777653248
1781136211,2725388288,2777653248
1781136211,2725380096,2777653248
1781136211,2725380096,2777653248
1781136212,2725392384,2777653248
1781136212,2725351424,2777653248
1781136213,2725629952,2777653248
1781136213,2725363712,2777653248
1781136214,2725363712,2777653248
1781136214,2725363712,2777653248
1781136215,2725400576,2777653248
1781136215,2725330944,2777653248
1781136216,2725289984,2777653248
1781136216,2725400576,2777653248
1781136217,2725384192,2777653248
1781136217,2726506496,2777653248
1781136218,2726289408,2777653248
1781136218,2726219776,2777653248
1781136219,2726223872,2777653248
1781136219,2726223872,2777653248
1781136220,2726133760,2777653248
1781136220,2726129664,2777653248
1781136221,2726133760,2777653248
1781136221,2726129664,2777653248
1781136222,2726137856,2777653248
1781136222,2726129664,2777653248
1781136223,2726121472,2777653248
1781136223,2726133760,2777653248
1781136224,2726547456,2777653248
1781136225,2726555648,2777653248
1781136225,2726547456,2777653248
1781136226,2726559744,2777653248
1781136226,2726547456,2777653248
1781136227,2726555648,2777653248
1781136227,2726551552,2777653248
1781136228,2725400576,2777653248
1781136228,2725396480,2777653248
1781136229,2725376000,2777653248
1781136229,2725371904,2777653248
1781136230,2725646336,2777653248
1781136230,2725380096,2777653248
1781136231,2753794048,2777653248
1781136231,2740101120,2777653248
1781136232,2739298304,2777653248
1781136232,2739281920,2777653248
1781136233,2739531776,2777653248
1781136233,2739294208,2777653248
1781136234,2739638272,2777653248
1781136234,2739503104,2777653248
1781136235,2739318784,2777653248
1781136235,2739290112,2777653248
1781136236,2739310592,2777653248
1781136236,2739048448,2777653248
1781136237,2738769920,2777653248
1781136237,2738765824,2777653248
1781136238,2738774016,2777653248
1781136238,2738765824,2777653248
1781136239,2738769920,2777653248
1781136239,2738765824,2777653248
1781136240,2738769920,2777653248
1781136240,2738765824,2777653248
1781136241,2724970496,2777653248
1781136241,2724966400,2777653248
1781136242,2724978688,2777653248
1781136242,2724974592,2777653248
1781136243,2724954112,2777653248
1781136243,2724945920,2777653248
1781136244,2724950016,2777653248
1781136244,2724945920,2777653248
1781136245,2724978688,2777653248
1781136245,2724974592,2777653248
1781136246,2724970496,2777653248
1781136246,2724970496,2777653248
1781136247,2724970496,2777653248
1781136247,2724966400,2777653248
1781136248,2724982784,2777653248
1781136248,2724978688,2777653248
1781136249,2724982784,2777653248
1781136249,2724978688,2777653248
1781136250,2725068800,2777653248
1781136250,2725064704,2777653248
1781136251,2725261312,2777653248
1781136251,2725257216,2777653248
1781136252,2725249024,2777653248
1781136252,2725249024,2777653248
1781136253,2725257216,2777653248
1781136253,2725257216,2777653248
1781136254,2725269504,2777653248
1781136254,2725269504,2777653248
1781136255,2725269504,2777653248
1781136255,2725269504,2777653248
1781136256,2725265408,2777653248
1781136256,2725265408,2777653248
1781136257,2725273600,2777653248
1781136257,2725273600,2777653248
1781136258,2725273600,2777653248
1781136258,2725273600,2777653248
1781136259,2725249024,2777653248
1781136259,2725249024,2777653248
1781136260,2725257216,2777653248
1781136260,2725257216,2777653248
1781136261,2725134336,2777653248
1781136261,2725134336,2777653248
1781136262,2725134336,2777653248
1781136262,2725134336,2777653248
1781136263,2725142528,2777653248
1781136263,2725142528,2777653248
1781136264,2725138432,2777653248
1781136264,2725138432,2777653248
1781136265,2725130240,2777653248
1781136265,2725130240,2777653248
1781136266,2725142528,2777653248
1781136266,2725142528,2777653248
1781136267,2725142528,2777653248
1781136267,2725142528,2777653248
1781136268,2725732352,2777653248
1781136268,2725576704,2777653248
1781136269,2727616512,2777653248
1781136269,2733035520,2777653248
1781136270,2756083712,2777653248
1781136271,2811072512,2814758912
1781136271,2791206912,2814758912
1781136272,2795417600,2814758912
1781136272,2791157760,2814758912
1781136273,2791051264,2814758912
1781136273,2791305216,2814758912
1781136274,2794688512,2814758912
1781136274,2791448576,2814758912
1781136275,2791772160,2814758912
1781136275,2783936512,2814758912
1781136276,2783715328,2814758912
1781136276,2779238400,2814758912
1781136277,2779324416,2814758912
1781136277,2778959872,2814758912
1781136278,2779496448,2814758912
1781136278,2778726400,2814758912
1781136279,2778992640,2814758912
1781136279,2779258880,2814758912
1781136280,2778759168,2814758912
1781136280,2777661440,2814758912
1781136281,2777251840,2814758912
1781136281,2763157504,2814758912
1781136282,2796703744,2814758912
1781136282,2783072256,2814758912
1781136283,2782580736,2814758912
1781136283,2782568448,2814758912
1781136284,2811457536,2814758912
1781136284,3892862976,3894951936
1781136285,3893178368,3894951936
1781136285,3893170176,3894951936
1781136286,3892924416,3894951936
1781136287,3893157888,3894951936
1781136287,3893411840,3894951936
1781136288,3893170176,3894951936
1781136288,3892928512,3894951936
1781136289,3892920320,3894951936
1781136289,3892928512,3894951936
1781136290,3892920320,3894951936
1781136290,3892940800,3894951936
1781136291,3960008704,3960008704
1781136291,3966582784,3967877120
1781136292,3859038208,3967877120
1781136292,3858841600,3967877120
1781136293,3844579328,3967877120
1781136293,3844825088,3967877120
1781136294,3844558848,3967877120
1781136294,3844079616,3967877120
1781136295,3844313088,3967877120
1781136295,3844059136,3967877120
1781136296,3844337664,3967877120
1781136296,3844063232,3967877120
1781136297,3844345856,3967877120
1781136297,3844079616,3967877120
1781136298,3844087808,3967877120
1781136298,3844079616,3967877120
1781136299,3844345856,3967877120
1781136299,3844075520,3967877120
1781136300,3844087808,3967877120
1781136300,3844079616,3967877120
1781136301,3843731456,3967877120
1781136301,3843104768,3967877120
1781136302,3842772992,3967877120
1781136302,3842744320,3967877120
1781136303,3841347584,3967877120
1781136303,3841335296,3967877120
1781136304,3841343488,3967877120
1781136304,3841335296,3967877120
1781136305,3841343488,3967877120
1781136305,3841335296,3967877120
1781136306,3841351680,3967877120
1781136306,3841339392,3967877120
1781136307,3841609728,3967877120
1781136307,3841339392,3967877120
1781136308,3841355776,3967877120
1781136308,3841343488,3967877120
1781136309,3841351680,3967877120
1781136309,3841347584,3967877120
1781136310,3841359872,3967877120
1781136310,3841351680,3967877120
1781136311,3841355776,3967877120
1781136311,3841351680,3967877120
1781136312,3841363968,3967877120
1781136312,3841351680,3967877120
1781136313,3841355776,3967877120
1781136313,3841347584,3967877120
1781136314,3841368064,3967877120
1781136314,3841359872,3967877120
1781136315,3841363968,3967877120
1781136315,3841355776,3967877120
1781136316,3841363968,3967877120
1781136316,3841359872,3967877120
1781136317,3841363968,3967877120
1781136317,3841359872,3967877120
1781136318,3841363968,3967877120
1781136318,3841359872,3967877120
1781136319,3841368064,3967877120
1781136319,3841363968,3967877120
1781136320,3841388544,3967877120
1781136320,3841376256,3967877120
1781136321,3841384448,3967877120
1781136321,3841376256,3967877120
1781136322,3841388544,3967877120
1781136322,3841376256,3967877120
1781136323,3841384448,3967877120
1781136323,3841380352,3967877120
1781136324,3841646592,3967877120
1781136324,3841380352,3967877120
1781136325,3841687552,3967877120
1781136325,3841679360,3967877120
1781136326,3841695744,3967877120
1781136326,3841687552,3967877120
1781136327,3841695744,3967877120
1781136327,3841691648,3967877120
1781136328,3841703936,3967877120
1781136328,3841695744,3967877120
1781136329,3841695744,3967877120
1781136329,3841691648,3967877120
1781136330,3841699840,3967877120
1781136330,3841695744,3967877120
1781136331,3841695744,3967877120
1781136331,3841691648,3967877120
1781136332,3841712128,3967877120
1781136333,3841708032,3967877120
1781136333,3841712128,3967877120
1781136334,3841679360,3967877120
1781136334,3841687552,3967877120
1781136335,3841683456,3967877120
1781136335,3841556480,3967877120
1781136336,3841552384,3967877120
1781136336,3841556480,3967877120
1781136337,3841552384,3967877120
1781136337,3841556480,3967877120
1781136338,3841556480,3967877120
1781136338,3841564672,3967877120
1781136339,3841560576,3967877120
1781136339,3841564672,3967877120
1781136340,3841564672,3967877120
1781136340,3841564672,3967877120
1781136341,3841560576,3967877120
1781136341,3841560576,3967877120
1781136342,3841556480,3967877120
1781136342,3841556480,3967877120
1781136343,3841556480,3967877120
1781136343,3841642496,3967877120
1781136344,3841638400,3967877120
1781136344,3841662976,3967877120
1781136345,3841658880,3967877120
1781136345,3841675264,3967877120
1781136346,3841675264,3967877120
1781136346,3841667072,3967877120
1781136347,3841667072,3967877120
1781136347,3841667072,3967877120
1781136348,3841667072,3967877120
1781136349,3841667072,3967877120
1781136349,3841667072,3967877120
1781136350,3841667072,3967877120
1781136350,3841667072,3967877120
1781136351,3857850368,3967877120
1781136351,3857752064,3967877120
1781136352,3857584128,3967877120
1781136352,3857584128,3967877120
1781136353,3857649664,3967877120
1781136353,3857649664,3967877120
1781136354,3858186240,3967877120
1781136354,3857928192,3967877120
1781136355,3858190336,3967877120
1781136355,3857670144,3967877120
1781136356,3857944576,3967877120
1781136356,3857682432,3967877120
1781136357,3857678336,3967877120
1781136357,3857678336,3967877120
1781136358,3857670144,3967877120
1781136358,3857678336,3967877120
1781136359,3857661952,3967877120
1781136359,3857670144,3967877120
1781136360,3857666048,3967877120
1781136360,3857686528,3967877120
1781136361,3843870720,3967877120
1781136361,3843878912,3967877120
1781136362,3843870720,3967877120
1781136362,3843850240,3967877120
1781136363,3843805184,3967877120
1781136363,3843817472,3967877120
1781136364,3843809280,3967877120
1781136364,3843817472,3967877120
1781136365,3843809280,3967877120
1781136365,3843874816,3967877120
1781136366,3843837952,3967877120
1781136366,3843846144,3967877120
1781136367,3843837952,3967877120
1781136367,3843874816,3967877120
1781136368,3843858432,3967877120
1781136368,3843883008,3967877120
1781136369,3843874816,3967877120
1781136369,3843883008,3967877120
1781136370,3843874816,3967877120
1781136370,3843887104,3967877120
1781136371,3843878912,3967877120
1781136371,3843895296,3967877120
1781136372,3844411392,3967877120
1781136372,3843895296,3967877120
1781136373,3844157440,3967877120
1781136373,3843895296,3967877120
1781136374,3843903488,3967877120
1781136374,3843903488,3967877120
1781136375,3858182144,3967877120
1781136375,3858620416,3967877120
1781136376,3857862656,3967877120
1781136376,3857821696,3967877120
1781136377,3858079744,3967877120
1781136377,3858075648,3967877120
1781136378,3858100224,3967877120
1781136378,3858628608,3967877120
1781136379,3858239488,3967877120
1781136379,3858075648,3967877120
1781136380,3859759104,3967877120
1781136380,3860185088,3967877120
1781136381,3859480576,3967877120
1781136381,3859480576,3967877120
1781136382,3859476480,3967877120
1781136382,3859472384,3967877120
1781136383,3859484672,3967877120
1781136383,3859484672,3967877120
1781136384,3859501056,3967877120
1781136384,3859464192,3967877120
1781136385,3845681152,3967877120
1781136385,3845672960,3967877120
1781136386,3845689344,3967877120
1781136386,3845681152,3967877120
1781136387,3845689344,3967877120
1781136387,3845681152,3967877120
1781136388,3845689344,3967877120
1781136388,3845681152,3967877120
1781136389,3845951488,3967877120
1781136389,3845681152,3967877120
1781136390,3844112384,3967877120
1781136390,3843952640,3967877120
1781136391,3843969024,3967877120
1781136391,3843960832,3967877120
1781136392,3844239360,3967877120
1781136393,3843973120,3967877120
1781136393,3844059136,3967877120
1781136394,3844050944,3967877120
1781136394,3844399104,3967877120
1781136395,3844120576,3967877120
1781136395,3844104192,3967877120
1781136396,3844100096,3967877120
1781136396,3844116480,3967877120
1781136397,3844108288,3967877120
1781136397,3844145152,3967877120
1781136398,3844141056,3967877120
1781136398,3844157440,3967877120
1781136399,3844153344,3967877120
1781136399,3844210688,3967877120
1781136400,3844206592,3967877120
1781136400,3844206592,3967877120
1781136401,3844206592,3967877120
1781136401,3885350912,3967877120
1781136402,3869917184,3967877120
1781136402,3867881472,3967877120
1781136403,3867488256,3967877120
1781136404,3867930624,3967877120
1781136404,3867897856,3967877120
1781136405,3867762688,3967877120
1781136405,3867820032,3967877120
1781136406,3868176384,3967877120
1781136406,3868041216,3967877120
1781136407,3867922432,3967877120
1781136407,3867619328,3967877120
1781136408,3867418624,3967877120
1781136408,3867402240,3967877120
1781136409,3867631616,3967877120
1781136409,3867373568,3967877120
1781136410,3867381760,3967877120
1781136410,3867897856,3967877120
1781136411,3867385856,3967877120
1781136411,3867381760,3967877120
1781136412,3853860864,3967877120
1781136412,3851882496,3967877120
1781136413,3851726848,3967877120
1781136413,3851968512,3967877120
1781136414,3851702272,3967877120
1781136414,3851689984,3967877120
1781136415,3851702272,3967877120
1781136415,3851694080,3967877120
1781136416,3851702272,3967877120
1781136416,3851710464,3967877120
1781136417,3851710464,3967877120
1781136417,3851710464,3967877120
1781136418,3851382784,3967877120
1781136418,3851386880,3967877120
1781136419,3851939840,3967877120
1781136419,3851419648,3967877120
1781136420,3851427840,3967877120
1781136420,3851427840,3967877120
1781136421,3851448320,3967877120
1781136421,3851444224,3967877120
1781136422,3851800576,3967877120
1781136422,3851800576,3967877120
1781136423,3851788288,3967877120
1781136423,3851792384,3967877120
1781136424,3851804672,3967877120
1781136424,3851808768,3967877120
1781136425,3851804672,3967877120
1781136425,3851804672,3967877120
1781136426,3851796480,3967877120
1781136426,3851800576,3967877120
1781136427,3851816960,3967877120
1781136427,3851812864,3967877120
1781136428,3851808768,3967877120
1781136428,3852341248,3967877120
1781136429,3852070912,3967877120
1781136429,3851829248,3967877120
1781136430,3851812864,3967877120
1781136430,3889201152,3967877120
1781136431,3876081664,3967877120
1781136431,3876335616,3967877120
1781136432,3876036608,3967877120
1781136432,3876036608,3967877120
1781136433,3876028416,3967877120
1781136433,3876380672,3967877120
1781136434,3876560896,3967877120
1781136434,3877085184,3967877120
1781136435,3876503552,3967877120
1781136435,3876052992,3967877120
1781136436,3876429824,3967877120
1781136436,3876061184,3967877120
1781136437,3876298752,3967877120
1781136437,3876057088,3967877120
1781136438,3874185216,3967877120
1781136438,3874213888,3967877120
1781136439,3874213888,3967877120
1781136439,3874238464,3967877120
1781136440,3874213888,3967877120
1781136440,3871563776,3967877120
1781136441,3857309696,3967877120
1781136441,3857317888,3967877120
1781136442,3857313792,3967877120
1781136442,3857326080,3967877120
1781136443,3857313792,3967877120
1781136443,3857330176,3967877120
1781136444,3857584128,3967877120
1781136444,3857346560,3967877120
1781136445,3857338368,3967877120
1781136445,3857350656,3967877120
1781136446,3857346560,3967877120
1781136446,3857362944,3967877120
1781136447,3857354752,3967877120
1781136448,3857272832,3967877120
1781136448,3857235968,3967877120
1781136449,3857244160,3967877120
1781136449,3878424576,3967877120
1781136450,3878301696,3967877120
1781136450,3878289408,3967877120
1781136451,3878318080,3967877120
1781136451,3878313984,3967877120
1781136452,3878596608,3967877120
1781136452,3878326272,3967877120
1781136453,3878518784,3967877120
1781136453,3878633472,3967877120
1781136454,3878350848,3967877120
1781136454,3878359040,3967877120
1781136455,3878350848,3967877120
1781136455,3878281216,3967877120
1781136456,3878273024,3967877120
1781136456,3878297600,3967877120
1781136457,3876630528,3967877120
1781136457,3876904960,3967877120
1781136458,3876646912,3967877120
1781136458,3876925440,3967877120
1781136459,3875446784,3967877120
1781136459,3860602880,3967877120
1781136460,3860332544,3967877120
1781136460,3860340736,3967877120
1781136461,3860594688,3967877120
1781136461,3860365312,3967877120
1781136462,3860357120,3967877120
1781136462,3860381696,3967877120
1781136463,3860385792,3967877120
1781136463,3860582400,3967877120
1781136464,3861086208,3967877120
1781136464,3860844544,3967877120
1781136465,3860578304,3967877120
1781136465,3860602880,3967877120
1781136466,3860606976,3967877120
1781136466,3860606976,3967877120
1781136467,3860598784,3967877120
1781136467,3894669312,3967877120
1781136468,3877941248,3967877120
1781136469,3877453824,3967877120
1781136469,3877421056,3967877120
1781136470,3877695488,3967877120
1781136470,3877687296,3967877120
1781136471,3877920768,3967877120
1781136471,3878064128,3967877120
1781136472,3878105088,3967877120
1781136472,3877761024,3967877120
1781136473,3878055936,3967877120
1781136473,3877732352,3967877120
1781136474,3877486592,3967877120
1781136474,3877478400,3967877120
1781136475,3877515264,3967877120
1781136475,3877511168,3967877120
1781136476,3877535744,3967877120
1781136476,3877527552,3967877120
1781136477,3877797888,3967877120
1781136477,3877531648,3967877120
1781136478,3863453696,3967877120
1781136478,3863314432,3967877120
1781136479,3863330816,3967877120
1781136479,3863326720,3967877120
1781136480,3863347200,3967877120
1781136480,3863343104,3967877120
1781136481,3863363584,3967877120
1781136481,3863355392,3967877120
1781136482,3863461888,3967877120
1781136482,3863453696,3967877120
1781136483,3863465984,3967877120
1781136483,3863461888,3967877120
1781136484,3863482368,3967877120
1781136484,3863736320,3967877120
1781136485,3863494656,3967877120
1781136485,3863478272,3967877120
1781136486,3863502848,3967877120
1781136486,3863502848,3967877120
1781136487,3863781376,3967877120
1781136487,3863515136,3967877120
1781136488,3863539712,3967877120
1781136488,3863502848,3967877120
1781136489,3863515136,3967877120
1781136489,3863511040,3967877120
1781136490,3863543808,3967877120
1781136490,3863797760,3967877120
1781136491,3863552000,3967877120
1781136491,3863547904,3967877120
1781136492,3863576576,3967877120
1781136492,3863576576,3967877120
1781136493,3863592960,3967877120
1781136493,3863851008,3967877120
1781136494,3863613440,3967877120
1781136494,3863613440,3967877120
1781136495,3863609344,3967877120
1781136495,3863605248,3967877120
1781136496,3863617536,3967877120
1781136496,3863871488,3967877120
1781136497,3863629824,3967877120
1781136497,3863629824,3967877120
1781136498,3863646208,3967877120
1781136498,3863646208,3967877120
1781136499,3863924736,3967877120
1781136499,3863658496,3967877120
1781136500,3863601152,3967877120
1781136500,3863601152,3967877120
1781136501,3863613440,3967877120
1781136501,3863617536,3967877120
1781136502,3863662592,3967877120
1781136502,3863654400,3967877120
1781136503,3863662592,3967877120
1781136503,3863666688,3967877120
1781136504,3863674880,3967877120
1781136505,3863957504,3967877120
1781136505,3863699456,3967877120
1781136506,3863719936,3967877120
1781136506,3863711744,3967877120
1781136507,3863736320,3967877120
1781136507,3863724032,3967877120
1781136508,3863744512,3967877120
1781136508,3863728128,3967877120
1781136509,3863756800,3967877120
1781136509,3863748608,3967877120
1781136510,3863777280,3967877120
1781136510,3863887872,3967877120
1781136511,3863916544,3967877120
1781136511,3863904256,3967877120
1781136512,3863924736,3967877120
1781136512,3863920640,3967877120
1781136513,3863937024,3967877120
1781136513,3863924736,3967877120
1781136514,3864219648,3967877120
1781136514,3863945216,3967877120
1781136515,3863969792,3967877120
1781136515,3863949312,3967877120
1781136516,3863998464,3967877120
1781136516,3863982080,3967877120
1781136517,3864264704,3967877120
1781136517,3863998464,3967877120
1781136518,3864018944,3967877120
1781136518,3864010752,3967877120
1781136519,3864023040,3967877120
1781136519,3864018944,3967877120
1781136520,3863990272,3967877120
1781136520,3864174592,3967877120
1781136521,3863924736,3967877120
1781136521,3863924736,3967877120
1781136522,3863941120,3967877120
1781136523,3863932928,3967877120
1781136523,3864223744,3967877120
1781136524,3863949312,3967877120
1781136524,3863965696,3967877120
1781136525,3864743936,3967877120
1781136525,3863986176,3967877120
1781136526,3863982080,3967877120
1781136526,3864231936,3967877120
1781136527,3863982080,3967877120
1781136527,3863969792,3967877120
1781136528,3864006656,3967877120
1781136528,3863998464,3967877120
1781136529,3864047616,3967877120
1781136529,3864043520,3967877120
1781136530,3864322048,3967877120
1781136530,3864051712,3967877120
1781136531,3864068096,3967877120
1781136531,3864068096,3967877120
1781136532,3864088576,3967877120
1781136532,3864080384,3967877120
1781136533,3864096768,3967877120
1781136533,3864100864,3967877120
1781136534,3864113152,3967877120
1781136534,3864113152,3967877120
1781136535,3864137728,3967877120
1781136535,3864129536,3967877120
1781136536,3864141824,3967877120
1781136536,3864137728,3967877120
1781136537,3864154112,3967877120
1781136537,3864145920,3967877120
1781136538,3864211456,3967877120
1781136538,3864203264,3967877120
1781136539,3864215552,3967877120
1781136539,3864211456,3967877120
1781136540,3864240128,3967877120
1781136540,3864489984,3967877120
1781136541,3864252416,3967877120
1781136541,3864236032,3967877120
1781136542,3864260608,3967877120
1781136542,3864256512,3967877120
1781136543,3864285184,3967877120
1781136543,3864276992,3967877120
1781136544,3864825856,3967877120
1781136544,3864260608,3967877120
1781136545,3864289280,3967877120
1781136545,3864281088,3967877120
1781136546,3864567808,3967877120
1781136546,3864301568,3967877120
1781136547,3864334336,3967877120
1781136547,3864330240,3967877120
1781136548,3864334336,3967877120
1781136548,3864334336,3967877120
1781136549,3864350720,3967877120
1781136549,3864346624,3967877120
1781136550,3864621056,3967877120
1781136550,3864600576,3967877120
1781136551,3864555520,3967877120
1781136552,3864817664,3967877120
1781136552,3864588288,3967877120
1781136553,3864834048,3967877120
1781136553,3864600576,3967877120
1781136554,3864596480,3967877120
1781136554,3864604672,3967877120
1781136555,3864604672,3967877120
1781136555,3864608768,3967877120
1781136556,3864604672,3967877120
1781136556,3864653824,3967877120
1781136557,3864649728,3967877120
1781136557,3864674304,3967877120
1781136558,3864670208,3967877120
1781136558,3864707072,3967877120
1781136559,3864694784,3967877120
1781136559,3864715264,3967877120
1781136560,3864698880,3967877120
1781136560,3864727552,3967877120
1781136561,3864686592,3967877120
1781136561,3864641536,3967877120
1781136562,3864633344,3967877120
1781136562,3864645632,3967877120
1781136563,3865190400,3967877120
1781136563,3864666112,3967877120
1781136564,3865182208,3967877120
1781136564,3864702976,3967877120
1781136565,3864969216,3967877120
1781136565,3864719360,3967877120
1781136566,3864993792,3967877120
1781136566,3864735744,3967877120
1781136567,3864743936,3967877120
1781136567,3864743936,3967877120
1781136568,3864768512,3967877120
1781136568,3864760320,3967877120
1781136569,3865030656,3967877120
1781136569,3864760320,3967877120
1781136570,3864809472,3967877120
1781136570,3864801280,3967877120
1781136571,3864903680,3967877120
1781136571,3864899584,3967877120
1781136572,3864911872,3967877120
1781136573,3864907776,3967877120
1781136573,3864932352,3967877120
1781136574,3864920064,3967877120
1781136574,3864944640,3967877120
1781136575,3864932352,3967877120
1781136575,3864956928,3967877120
1781136576,3864948736,3967877120
1781136576,3865239552,3967877120
1781136577,3864969216,3967877120
1781136577,3864985600,3967877120
1781136578,3864985600,3967877120
1781136578,3865006080,3967877120
1781136579,3864997888,3967877120
1781136579,3865014272,3967877120
1781136580,3865010176,3967877120
1781136580,3865030656,3967877120
1781136581,3865026560,3967877120
1781136581,3865001984,3967877120
1781136582,3864952832,3967877120
1781136582,3864985600,3967877120
1781136583,3864977408,3967877120
1781136583,3864993792,3967877120
1781136584,3864961024,3967877120
1781136584,3864981504,3967877120
1781136585,3864977408,3967877120
1781136585,3864981504,3967877120
1781136586,3864985600,3967877120
1781136586,3864997888,3967877120
1781136587,3865001984,3967877120
1781136587,3865018368,3967877120
1781136588,3865001984,3967877120
1781136588,3865047040,3967877120
1781136589,3865034752,3967877120
1781136589,3865079808,3967877120
1781136590,3865079808,3967877120
1781136590,3865366528,3967877120
1781136591,3865378816,3967877120
1781136591,3865112576,3967877120
1781136592,3865153536,3967877120
1781136592,3865149440,3967877120
1781136593,3865153536,3967877120
1781136593,3865149440,3967877120
1781136594,3865182208,3967877120
1781136594,3865174016,3967877120
1781136595,3865194496,3967877120
1781136595,3865178112,3967877120
1781136596,3865198592,3967877120
1781136596,3865190400,3967877120
1781136597,3865210880,3967877120
1781136597,3865202688,3967877120
1781136598,3865231360,3967877120
1781136598,3865219072,3967877120
1781136599,3865239552,3967877120
1781136599,3865489408,3967877120
1781136600,3865260032,3967877120
1781136600,3865247744,3967877120
1781136601,3865268224,3967877120
1781136601,3865264128,3967877120
1781136602,3865284608,3967877120
1781136602,3865264128,3967877120
1781136603,3865288704,3967877120
1781136603,3865288704,3967877120
1781136604,3865300992,3967877120
1781136604,3865300992,3967877120
1781136605,3865329664,3967877120
1781136605,3865321472,3967877120
1781136606,3865436160,3967877120
1781136606,3865436160,3967877120
1781136607,3865468928,3967877120
1781136608,3865452544,3967877120
1781136608,3865452544,3967877120
1781136609,3865444352,3967877120
1781136609,3865452544,3967877120
1781136610,3865452544,3967877120
1781136610,3865477120,3967877120
1781136611,3865473024,3967877120
1781136611,3865497600,3967877120
1781136612,3865489408,3967877120
1781136612,3865509888,3967877120
1781136613,3865509888,3967877120
1781136613,3865538560,3967877120
1781136614,3865788416,3967877120
1781136614,3865550848,3967877120
1781136615,3865542656,3967877120
1781136615,3865567232,3967877120
1781136616,3865559040,3967877120
1781136616,3865571328,3967877120
1781136617,3865567232,3967877120
1781136617,3865595904,3967877120
1781136618,3865583616,3967877120
1781136618,3865612288,3967877120
1781136619,3865612288,3967877120
1781136619,3865624576,3967877120
1781136620,3865620480,3967877120
1781136620,3865550848,3967877120
1781136621,3865550848,3967877120
1781136621,3865559040,3967877120
1781136622,3865571328,3967877120
1781136622,3865575424,3967877120
1781136623,3865571328,3967877120
1781136623,3865972736,3967877120
1781136624,3865710592,3967877120
1781136624,3865800704,3967877120
1781136625,3865804800,3967877120
1781136625,3865817088,3967877120
1781136626,3865812992,3967877120
1781136627,3865821184,3967877120
1781136627,3865821184,3967877120
1781136628,3865833472,3967877120
1781136628,3865841664,3967877120
1781136629,3865849856,3967877120
1781136629,3865849856,3967877120
1781136630,3866193920,3967877120
1781136630,3866443776,3967877120
1781136631,3866222592,3967877120
1781136631,3866214400,3967877120
1781136632,3866247168,3967877120
1781136632,3866247168,3967877120
1781136633,3866247168,3967877120
1781136633,3866251264,3967877120
1781136634,3866263552,3967877120
1781136634,3866525696,3967877120
1781136635,3866271744,3967877120
1781136635,3866271744,3967877120
1781136636,3866288128,3967877120
1781136636,3866284032,3967877120
1781136637,3866320896,3967877120
1781136637,3866316800,3967877120
1781136638,3866333184,3967877120
1781136638,3866333184,3967877120
1781136639,3866345472,3967877120
1781136639,3866984448,3967877120
1781136640,3865944064,3967877120
1781136640,3866226688,3967877120
1781136641,3865956352,3967877120
1781136641,3865980928,3967877120
1781136642,3865968640,3967877120
1781136642,3866005504,3967877120
1781136643,3865968640,3967877120
1781136643,3865985024,3967877120
1781136644,3866238976,3967877120
1781136644,3866005504,3967877120
1781136645,3866001408,3967877120
1781136645,3866279936,3967877120
1781136646,3866005504,3967877120
1781136646,3866288128,3967877120
1781136647,3866017792,3967877120
1781136647,3866296320,3967877120
1781136648,3866050560,3967877120
1781136648,3866071040,3967877120
1781136649,3866066944,3967877120
1781136649,3866087424,3967877120
1781136650,3866599424,3967877120
1781136650,3866103808,3967877120
1781136651,3866087424,3967877120
1781136651,3866361856,3967877120
1781136652,3866361856,3967877120
1781136652,3866112000,3967877120
1781136653,3866107904,3967877120
1781136653,3866136576,3967877120
1781136654,3866124288,3967877120
1781136654,3866419200,3967877120
1781136655,3866419200,3967877120
1781136655,3866181632,3967877120
1781136656,3866165248,3967877120
1781136656,3866189824,3967877120
1781136657,3866181632,3967877120
1781136657,3866734592,3967877120
1781136658,3866198016,3967877120
1781136658,3866243072,3967877120
1781136659,3866259456,3967877120
1781136659,3866259456,3967877120
1781136660,3866279936,3967877120
1781136660,3866279936,3967877120
1781136661,3866292224,3967877120
1781136661,3866292224,3967877120
1781136662,3866300416,3967877120
1781136662,3866296320,3967877120
1781136663,3866316800,3967877120
1781136663,3866304512,3967877120
1781136664,3866320896,3967877120
1781136664,3866312704,3967877120
1781136665,3866423296,3967877120
1781136666,3866673152,3967877120
1781136666,3866451968,3967877120
1781136667,3866443776,3967877120
1781136667,3866734592,3967877120
1781136668,3866468352,3967877120
1781136668,3866488832,3967877120
1781136669,3866480640,3967877120
1781136669,3866501120,3967877120
1781136670,3866492928,3967877120
1781136670,3866787840,3967877120
1781136671,3866525696,3967877120
1781136671,3866533888,3967877120
1781136672,3866791936,3967877120
1781136672,3866533888,3967877120
1781136673,3866525696,3967877120
1781136673,3866554368,3967877120
1781136674,3866554368,3967877120
1781136674,3866570752,3967877120
1781136675,3866558464,3967877120
1781136675,3866537984,3967877120
1781136676,3866497024,3967877120
1781136676,3866525696,3967877120
1781136677,3866517504,3967877120
1781136677,3866603520,3967877120
1781136678,3866591232,3967877120
1781136678,3866669056,3967877120
1781136679,3866660864,3967877120
1781136680,3866685440,3967877120
1781136680,3866673152,3967877120
1781136681,3866689536,3967877120
1781136681,3866681344,3967877120
1781136682,3869777920,3967877120
1781136682,3869515776,3967877120
1781136683,3869548544,3967877120
1781136683,3869544448,3967877120
1781136684,3869552640,3967877120
1781136684,3869548544,3967877120
1781136685,3869569024,3967877120
1781136685,3869569024,3967877120
1781136686,3869589504,3967877120
1781136686,3869577216,3967877120
1781136687,3869609984,3967877120
1781136687,3869605888,3967877120
1781136688,3869638656,3967877120
1781136688,3869638656,3967877120
1781136689,3869650944,3967877120
1781136689,3869655040,3967877120
1781136690,3869663232,3967877120
1781136690,3869659136,3967877120
1781136691,3870199808,3967877120
1781136691,3869691904,3967877120
1781136692,3867017216,3967877120
1781136692,3867017216,3967877120
1781136693,3867033600,3967877120
1781136693,3867025408,3967877120
1781136694,3867049984,3967877120
1781136694,3867049984,3967877120
1781136695,3867066368,3967877120
1781136695,3867062272,3967877120
1781136696,3867066368,3967877120
1781136696,3867066368,3967877120
1781136697,3867095040,3967877120
1781136697,3867086848,3967877120
1781136698,3867115520,3967877120
1781136698,3867111424,3967877120
1781136699,3867127808,3967877120
1781136699,3867127808,3967877120
1781136700,3867127808,3967877120
1781136700,3867127808,3967877120
1781136701,3867144192,3967877120
1781136701,3867140096,3967877120
1781136702,3867414528,3967877120
1781136702,3867156480,3967877120
1781136703,3867176960,3967877120
1781136703,3867181056,3967877120
1781136704,3867201536,3967877120
1781136704,3867201536,3967877120
1781136705,3867480064,3967877120
1781136705,3867209728,3967877120
1781136706,3867213824,3967877120
1781136706,3867213824,3967877120
1781136707,3867230208,3967877120
1781136707,3867226112,3967877120
1781136708,3897651200,3967877120
1781136708,3883081728,3967877120
1781136709,3883069440,3967877120
1781136709,3883073536,3967877120
1781136710,3883073536,3967877120
1781136710,3883073536,3967877120
1781136711,3883102208,3967877120
1781136711,3883102208,3967877120
1781136712,3883102208,3967877120
1781136712,3883364352,3967877120
1781136713,3883110400,3967877120
1781136713,3883110400,3967877120
1781136714,3883388928,3967877120
1781136714,3883126784,3967877120
1781136715,3883171840,3967877120
1781136715,3883671552,3967877120
1781136716,3883200512,3967877120
1781136716,3883200512,3967877120
1781136717,3883208704,3967877120
1781136717,3883495424,3967877120
1781136718,3882590208,3967877120
1781136718,3868893184,3967877120
1781136719,3868622848,3967877120
1781136719,3868635136,3967877120
1781136720,3868626944,3967877120
1781136720,3868647424,3967877120
1781136721,3868643328,3967877120
1781136721,3868938240,3967877120
1781136722,3868659712,3967877120
1781136722,3868680192,3967877120
1781136723,3868672000,3967877120
1781136723,3868692480,3967877120
1781136724,3868692480,3967877120
1781136724,3868815360,3967877120
1781136725,3868807168,3967877120
1781136725,3868823552,3967877120
1781136726,3868811264,3967877120
1781136726,3868860416,3967877120
1781136727,3868844032,3967877120
1781136727,3868868608,3967877120
1781136728,3886096384,3967877120
1781136728,3886821376,3967877120
1781136729,3886137344,3967877120
1781136729,3886325760,3967877120
1781136730,3886059520,3967877120
1781136730,3886333952,3967877120
1781136731,3886120960,3967877120
1781136732,3886518272,3967877120
1781136732,3886501888,3967877120
1781136733,3886772224,3967877120
1781136733,3886370816,3967877120
1781136734,3886653440,3967877120
1781136734,3886100480,3967877120
1781136735,3886100480,3967877120
1781136735,3886092288,3967877120
1781136736,3886125056,3967877120
1781136736,3886116864,3967877120
1781136737,3886137344,3967877120
1781136737,3886129152,3967877120
1781136738,3886149632,3967877120
1781136738,3869585408,3967877120
1781136739,3869622272,3967877120
1781136739,3869614080,3967877120
1781136740,3869626368,3967877120
1781136740,3870666752,3967877120
1781136741,3861860352,3967877120
1781136742,3851673600,3967877120
1781136743,3851685888,3967877120
1781136745,3851706368,3967877120
1781136746,3851718656,3967877120
1781136747,3851722752,3967877120
1781136748,3851735040,3967877120
1781136749,3851743232,3967877120
1781136750,3842064384,3967877120
1781136751,3842101248,3967877120
1781136752,3842097152,3967877120
1781136753,3842113536,3967877120
1781136754,3842142208,3967877120
1781136755,3842154496,3967877120
1781136756,3842162688,3967877120
1781136757,3842179072,3967877120
1781136758,3842183168,3967877120
1781136759,3842207744,3967877120
1781136760,3842187264,3967877120
1781136761,3842195456,3967877120
1781136762,3842207744,3967877120
1781136763,3842236416,3967877120
1781136764,3842269184,3967877120
1781136765,3842154496,3967877120
1781136766,3842170880,3967877120
1781136767,3842187264,3967877120
1781136768,3842281472,3967877120
1781136769,3842310144,3967877120
1781136770,3842330624,3967877120
1781136771,3842330624,3967877120
1781136772,3842351104,3967877120
1781136773,3859476480,3967877120
1781136774,3865890816,3967877120
1781136775,3867586560,3967877120
1781136776,3866759168,3967877120
1781136777,3867312128,3967877120
1781136778,3867840512,3967877120
1781136779,3866849280,3967877120
1781136780,3866853376,3967877120
1781136781,3866832896,3967877120
1781136782,3866841088,3967877120
1781136783,3853062144,3967877120
1781136784,3853041664,3967877120
1781136785,3852341248,3967877120
1781136786,3852349440,3967877120
1781136787,3852374016,3967877120
1781136788,3852419072,3967877120
1781136789,3852419072,3967877120
1781136790,3852423168,3967877120
1781136791,3852447744,3967877120
1781136792,3884130304,3967877120
1781136793,3869396992,3967877120
1781136794,3869925376,3967877120
1781136795,3869966336,3967877120
1781136796,3869986816,3967877120
1781136797,3870011392,3967877120
1781136798,3869487104,3967877120
1781136800,3869458432,3967877120
1781136801,3869478912,3967877120
1781136802,3869487104,3967877120
1781136803,3855511552,3967877120
1781136804,3855429632,3967877120
1781136805,3855437824,3967877120
1781136806,3855433728,3967877120
1781136807,3855446016,3967877120
1781136808,3855454208,3967877120
1781136809,3855486976,3967877120
1781136810,3856273408,3967877120
1781136811,3855536128,3967877120
1781136812,3855794176,3967877120
1781136813,3855822848,3967877120
1781136814,3855572992,3967877120
1781136815,3856113664,3967877120
1781136816,3855605760,3967877120
1781136817,3855622144,3967877120
1781136818,3855626240,3967877120
1781136819,3855630336,3967877120
1781136820,3855642624,3967877120
1781136821,3856732160,3967877120
1781136822,3871539200,3967877120
1781136823,3871141888,3967877120
1781136824,3871154176,3967877120
1781136825,3871858688,3967877120
1781136826,3871838208,3967877120
1781136827,3871633408,3967877120
1781136828,3871232000,3967877120
1781136829,3871240192,3967877120
1781136830,3871264768,3967877120
1781136831,3870310400,3967877120
1781136832,3852685312,3967877120
1781136833,3852664832,3967877120
1781136834,3852926976,3967877120
1781136835,3852701696,3967877120
1781136836,3852963840,3967877120
1781136837,3852734464,3967877120
1781136838,3852734464,3967877120
1781136839,3852754944,3967877120
1781136840,3852771328,3967877120
1781136841,3886047232,3967877120
1781136842,3872108544,3967877120
1781136843,3872096256,3967877120
1781136844,3872567296,3967877120
1781136845,3872886784,3967877120
1781136846,3872165888,3967877120
1781136847,3872104448,3967877120
1781136848,3872071680,3967877120
1781136849,3872083968,3967877120
1781136851,3872096256,3967877120
1781136852,3858321408,3967877120
1781136853,3858329600,3967877120
1781136854,3858350080,3967877120
1781136855,3858366464,3967877120
1781136856,3858366464,3967877120
1781136857,3858386944,3967877120
1781136858,3858268160,3967877120
1781136859,3858280448,3967877120
1781136860,3858272256,3967877120
1781136861,3858313216,3967877120
1781136862,3858333696,3967877120
1781136863,3858333696,3967877120
1781136864,3858321408,3967877120
1781136865,3858333696,3967877120
1781136866,3858350080,3967877120
1781136867,3858460672,3967877120
1781136868,3858460672,3967877120
1781136869,3859509248,3967877120
1781136870,3859525632,3967877120
1781136871,3859951616,3967877120
1781136872,3860185088,3967877120
1781136873,3860267008,3967877120
1781136874,3859881984,3967877120
1781136875,3859398656,3967877120
1781136876,3859673088,3967877120
1781136877,3859427328,3967877120
1781136878,3859288064,3967877120
1781136879,3859480576,3967877120
1781136880,3859230720,3967877120
1781136881,3859259392,3967877120
1781136882,3859271680,3967877120
1781136883,3859394560,3967877120
1781136884,3859398656,3967877120
1781136885,3859419136,3967877120
1781136886,3859427328,3967877120
1781136887,3859443712,3967877120
1781136888,3859443712,3967877120
1781136889,3859443712,3967877120
1781136890,3859460096,3967877120
1781136891,3859472384,3967877120
1781136892,3859501056,3967877120
1781136893,3859464192,3967877120
1781136894,3859443712,3967877120
1781136895,3859492864,3967877120
1781136896,3859517440,3967877120
1781136897,3859525632,3967877120
1781136898,3859525632,3967877120
1781136899,3859550208,3967877120
1781136900,3859558400,3967877120
1781136901,3859562496,3967877120
1781136902,3859578880,3967877120
1781136903,3859566592,3967877120
1781136904,3859533824,3967877120
1781136905,3859558400,3967877120
1781136906,3859562496,3967877120
1781136908,3859587072,3967877120
1781136909,3859701760,3967877120
1781136910,3859959808,3967877120
1781136911,3859722240,3967877120
1781136912,3859755008,3967877120
1781136913,3859755008,3967877120
1781136914,3859791872,3967877120
1781136915,3859804160,3967877120
1781136916,3859804160,3967877120
1781136917,3859795968,3967877120
1781136918,3859816448,3967877120
1781136940,60116992,61865984
1781136941,265486336,309866496
1781136942,218509312,309866496
1781136943,218517504,309866496
1781136944,218517504,309866496
1781136945,218562560,309866496
1781136946,218570752,309866496
1781136947,218542080,309866496
1781136948,218529792,309866496
1781136949,218529792,309866496
1781136950,218525696,309866496
1781136951,182747136,309866496
1781136952,180854784,309866496
1781136953,180854784,309866496
1781136954,180854784,309866496
1781136955,180826112,309866496
1781136956,194650112,309866496
1781136957,194650112,309866496
1781136958,194650112,309866496
1781136959,194646016,309866496
1781136960,194646016,309866496
1781136961,194646016,309866496
1781136962,194621440,309866496
1781136963,194621440,309866496
1781136964,194621440,309866496
1781136965,194621440,309866496
1781136966,180760576,309866496
1781136967,180731904,309866496
1781136968,180731904,309866496
1781136969,180731904,309866496
1781136970,180731904,309866496
1781136971,180703232,309866496
1781136972,180703232,309866496
1781136973,180703232,309866496
1781136975,180703232,309866496
1781136976,180703232,309866496
1781136977,180703232,309866496
1781136978,180658176,309866496
1781136979,180658176,309866496
1781136980,180658176,309866496
1781136981,180658176,309866496
1781136982,205754368,309866496
1781136983,1173233664,1450237952
1781136984,1266606080,1450237952
1781136985,1551552512,1552175104
1781136986,2839138304,2841542656
1781136987,2839097344,2841542656
1781136988,2839097344,2841542656
1781136989,2839089152,2841542656
1781136990,2839089152,2841542656
1781136991,2839216128,2841542656
1781136992,2896322560,2896322560
1781136993,2830356480,2896482304
1781136994,2829869056,2896482304
1781136995,2829955072,2896482304
1781136996,2819858432,2896482304
1781136997,2833649664,2896482304
1781136998,2833674240,2896482304
1781136999,2833731584,2896482304
1781137000,2833698816,2896482304
1781137001,2833702912,2896482304
1781137002,2833670144,2896482304
1781137003,2832691200,2896482304
1781137004,2832531456,2896482304
1781137005,2831495168,2896482304
1781137006,2831486976,2896482304
1781137007,2817699840,2896482304
1781137008,2817708032,2896482304
1781137009,2818244608,2896482304
1781137010,2817859584,2896482304
1781137011,2817990656,2896482304
1781137012,2847817728,2896482304
1781137013,2833809408,2896482304
1781137014,2833768448,2896482304
1781137015,2833768448,2896482304
1781137016,2833764352,2896482304
1781137017,2833772544,2896482304
1781137018,2833764352,2896482304
1781137019,2833604608,2896482304
1781137020,2833555456,2896482304
1781137021,2833551360,2896482304
1781137022,2819747840,2896482304
1781137023,2819715072,2896482304
1781137024,2819715072,2896482304
1781137025,2819481600,2896482304
1781137027,2819547136,2896482304
1781137028,2819538944,2896482304
1781137029,2819522560,2896482304
1781137030,2819043328,2896482304
1781137031,2819010560,2896482304
1781137032,2819022848,2896482304
1781137033,2819031040,2896482304
1781137034,2819043328,2896482304
1781137035,2819039232,2896482304
1781137036,2819031040,2896482304
1781137037,2819043328,2896482304
1781137038,2819043328,2896482304
1781137039,2818961408,2896482304
1781137040,2818973696,2896482304
1781137041,2818977792,2896482304
1781137042,2809245696,2896482304
1781137043,2836582400,2896482304
1781137044,2822549504,2896482304
1781137045,2831429632,2896482304
1781137046,2831429632,2896482304
1781137047,2831745024,2896482304
1781137048,2831511552,2896482304
1781137049,2832261120,2896482304
1781137050,2829496320,2896482304
1781137051,2826829824,2896482304
1781137052,2826829824,2896482304
1781137053,2826846208,2896482304
1781137054,2812940288,2896482304
1781137055,2812944384,2896482304
1781137056,2812960768,2896482304
1781137057,2812960768,2896482304
1781137058,2812973056,2896482304
1781137059,2812964864,2896482304
1781137060,2812964864,2896482304
1781137061,2811813888,2896482304
1781137062,2811793408,2896482304
1781137063,2811809792,2896482304
1781137064,2811789312,2896482304
1781137065,2811789312,2896482304
1781137066,2811797504,2896482304
1781137067,2811813888,2896482304
1781137068,2826915840,2896482304
1781137069,2826928128,2896482304
1781137070,2827776000,2896482304
1781137071,2826944512,2896482304
1781137072,2827444224,2896482304
1781137073,2826543104,2896482304
1781137074,2826489856,2896482304
1781137075,2826498048,2896482304
1781137076,2826502144,2896482304
1781137077,2826514432,2896482304
1781137078,2812579840,2896482304
1781137079,2812579840,2896482304
1781137080,2812583936,2896482304
1781137081,2812878848,2896482304
1781137082,2812575744,2896482304
1781137083,2812760064,2896482304
1781137084,2812702720,2896482304
1781137085,2812723200,2896482304
1781137086,2812964864,2896482304
1781137087,2812710912,2896482304
1781137089,2843996160,2896482304
1781137090,2927108096,2927366144
1781137091,2966638592,2970124288
1781137092,2963222528,2970124288
1781137093,2962427904,2970124288
1781137094,2963324928,2970124288
1781137095,2961006592,2970124288
1781137096,2961113088,2970124288
1781137097,2960351232,2970124288
1781137098,2960392192,2970124288
1781137099,2960248832,2970124288
1781137100,2946932736,2970124288
1781137101,2946478080,2970124288
1781137102,2940424192,2970124288
1781137103,2940297216,2970124288
1781137104,2940612608,2970124288
1781137105,2940248064,2970124288
1781137106,2940628992,2970124288
1781137107,2939977728,2970124288
1781137108,2940211200,2970124288
1781137109,2940084224,2970124288
1781137110,2940112896,2970124288
1781137111,2940854272,2970124288
1781137112,2940592128,2970124288
1781137113,2940252160,2970124288
1781137114,2940493824,2970124288
1781137115,2940653568,2970124288
1781137116,2940076032,2970124288
1781137117,2940366848,2970124288
1781137118,2939949056,2970124288
1781137119,2940362752,2970124288
1781137120,2940325888,2970124288
1781137121,2939916288,2970124288
1781137122,2940329984,2970124288
1781137123,2940731392,2970124288
1781137124,2957647872,2972123136
1781137125,2955526144,2972123136
1781137126,2955370496,2972123136
1781137127,2955034624,2972123136
1781137128,2955780096,2972123136
1781137129,2955374592,2972123136
1781137130,2955239424,2972123136
1781137131,2955517952,2972123136
1781137132,2954977280,2972123136
1781137133,2955149312,2972123136
1781137134,2941022208,2972123136
1781137135,2940747776,2972123136
1781137136,2940760064,2972123136
1781137137,2941005824,2972123136
1781137138,2941247488,2972123136
1781137139,2941026304,2972123136
1781137140,2941054976,2972123136
1781137141,2941513728,2972123136
1781137142,2940776448,2972123136
1781137143,2941321216,2972123136
1781137144,2940932096,2972123136
1781137145,2941030400,2972123136
1781137146,2941267968,2972123136
1781137147,2940928000,2972123136
1781137149,2941243392,2972123136
1781137150,2941386752,2972123136
1781137151,2942316544,2972123136
1781137152,2941313024,2972123136
1781137153,2941792256,2972123136
1781137154,2941435904,2972123136
1781137155,2941177856,2972123136
1781137156,2941435904,2972123136
1781137157,2969206784,2972581888
1781137158,2957590528,2972581888
1781137159,2956414976,2972581888
1781137160,2962067456,2972581888
1781137161,2968260608,2972581888
1781137162,2957086720,2972581888
1781137163,2956455936,2972581888
1781137164,2957279232,2972581888
1781137165,2956967936,2972581888
1781137166,2956734464,2972581888
1781137167,2942205952,2972581888
1781137168,2942717952,2972581888
1781137169,2942464000,2972581888
1781137170,2942095360,2972581888
1781137171,2942124032,2972581888
1781137172,2942287872,2972581888
1781137173,2942308352,2972581888
1781137174,2942349312,2972581888
1781137175,2942672896,2972581888
1781137176,2942156800,2972581888
1781137177,2942599168,2972581888
1781137178,2942488576,2972581888
1781137179,2942316544,2972581888
1781137180,2942500864,2972581888
1781137181,2942320640,2972581888
1781137182,2942435328,2972581888
1781137183,2943111168,2972581888
1781137184,2944098304,2972581888
1781137185,2944192512,2972581888
1781137186,2944344064,2972581888
1781137187,2945454080,2972581888
1781137188,2946076672,2972581888
1781137189,2945699840,2972581888
1781137190,2946224128,2972581888
1781137191,2945572864,2972581888
1781137192,2945671168,2972581888
1781137193,2945835008,2972581888
1781137194,2945683456,2972581888
1781137195,2945662976,2972581888
1781137196,2945949696,2972581888
1781137197,2946019328,2972581888
1781137198,2945699840,2972581888
1781137199,2944909312,2972581888
1781137200,2944688128,2972581888
1781137201,2944937984,2972581888
1781137202,2945036288,2972581888
1781137203,2945052672,2972581888
1781137204,2945830912,2972581888
1781137205,2945126400,2972581888
1781137206,2944819200,2972581888
1781137207,2944839680,2972581888
1781137208,2945822720,2972581888
1781137209,2945593344,2972581888
1781137210,2945323008,2972581888
1781137211,2947149824,2972581888
1781137212,2945056768,2972581888
1781137213,2945208320,2972581888
1781137214,2945142784,2972581888
1781137215,2945208320,2972581888
1781137216,2945662976,2972581888
1781137217,2945511424,2972581888
1781137218,2945273856,2972581888
1781137219,2945015808,2972581888
1781137220,2945007616,2972581888
1781137221,2945277952,2972581888
1781137222,2945118208,2972581888
1781137223,2945286144,2972581888
1781137224,2945609728,2972581888
1781137225,2945908736,2972581888
1781137226,2945515520,2972581888
1781137228,2945351680,2972581888
1781137229,2945081344,2972581888
1781137230,2945576960,2972581888
1781137231,2945773568,2972581888
1781137232,2948886528,2972581888
1781137233,2948890624,2972581888
1781137234,2948792320,2972581888
1781137235,2949058560,2972581888
1781137236,2949001216,2972581888
1781137237,2945871872,2972581888
1781137238,2971598848,2989735936
1781137239,2968023040,2989735936
1781137240,2965065728,2989735936
1781137241,2980474880,2989735936
1781137242,2979246080,2989735936
1781137243,2977976320,2989735936
1781137244,2978037760,2989735936
1781137245,2977284096,2989735936
1781137246,2977869824,2989735936
1781137247,2977239040,2989735936
1781137248,2963075072,2989735936
1781137249,2962079744,2989735936
1781137250,2960670720,2989735936
1781137251,2956455936,2989735936
1781137252,2956627968,2989735936
1781137253,2956468224,2989735936
1781137254,2956394496,2989735936
1781137255,2956222464,2989735936
1781137256,2956419072,2989735936
1781137257,2956423168,2989735936
1781137258,2956877824,2989735936
1781137259,2955784192,2989735936
1781137260,2954461184,2989735936
1781137261,2955239424,2989735936
1781137262,2954461184,2989735936
1781137263,2954739712,2989735936
1781137264,2954383360,2989735936
1781137265,2954383360,2989735936
1781137266,2954637312,2989735936
1781137267,2954752000,2989735936
1781137268,2954752000,2989735936
1781137269,2955243520,2989735936
1781137270,2954645504,2989735936
1781137271,2954596352,2989735936
1781137272,2954924032,2989735936
1781137273,2955112448,2989735936
1781137274,2954919936,2989735936
1781137275,2955366400,2989735936
1781137276,2954858496,2989735936
1781137277,2954592256,2989735936
1781137278,2955456512,2989735936
1781137279,2954604544,2989735936
1781137280,2954629120,2989735936
1781137281,2954641408,2989735936
1781137282,2954805248,2989735936
1781137283,2954915840,2989735936
1781137284,2954846208,2989735936
1781137285,2954801152,2989735936
1781137286,2954657792,2989735936
1781137287,2954645504,2989735936
1781137288,2954874880,2989735936
1781137289,2954981376,2989735936
1781137290,2954899456,2989735936
1781137291,2954981376,2989735936
1781137292,2954711040,2989735936
1781137293,2954792960,2989735936
1781137294,2955235328,2989735936
1781137295,2954973184,2989735936
1781137296,2954711040,2989735936
1781137297,2954702848,2989735936
1781137298,2954960896,2989735936
1781137299,2954964992,2989735936
1781137300,2955096064,2989735936
1781137301,2954702848,2989735936
1781137302,2955022336,2989735936
1781137303,2954555392,2989735936
1781137304,2954633216,2989735936
1781137305,2955161600,2989735936
1781137306,2954629120,2989735936
1781137307,2954620928,2989735936
1781137308,2954625024,2989735936
1781137309,2954633216,2989735936
1781137310,2954928128,2989735936
1781137312,2955005952,2989735936
1781137313,2955169792,2989735936
1781137314,3002904576,3003592704
1781137315,3021287424,3030568960
1781137316,3010539520,3030568960
1781137317,3034513408,3036831744
1781137318,3034992640,3036831744
1781137319,3034951680,3036831744
1781137320,3030990848,3036938240
1781137321,3023110144,3036938240
1781137322,3022843904,3036938240
1781137323,3022872576,3036938240
1781137324,3022598144,3036938240
1781137325,3009052672,3036938240
1781137326,3005427712,3036938240
1781137327,3004030976,3036938240
1781137328,3004010496,3036938240
1781137329,3004047360,3036938240
1781137330,3002728448,3036938240
1781137331,3002998784,3036938240
1781137332,3002728448,3036938240
1781137333,3002732544,3036938240
1781137334,3002712064,3036938240
1781137335,3002712064,3036938240
1781137336,3002716160,3036938240
1781137337,3002716160,3036938240
1781137338,3002720256,3036938240
1781137339,3002716160,3036938240
1781137340,3002716160,3036938240
1781137341,3002712064,3036938240
1781137342,3002720256,3036938240
1781137343,3002720256,3036938240
1781137344,3002720256,3036938240
1781137345,3002712064,3036938240
1781137346,3002716160,3036938240
1781137347,3002716160,3036938240
1781137348,3002712064,3036938240
1781137349,3002707968,3036938240
1781137350,3002703872,3036938240
1781137351,3002703872,3036938240
1781137352,3002703872,3036938240
1781137353,3003023360,3036938240
1781137354,3003015168,3036938240
1781137355,3003023360,3036938240
1781137356,3003015168,3036938240
1781137357,3003015168,3036938240
1781137358,3003023360,3036938240
1781137359,3003019264,3036938240
1781137360,3003011072,3036938240
1781137361,3002986496,3036938240
1781137362,3002986496,3036938240
1781137363,3008028672,3036938240
1781137365,2900856832,3036938240
1781137366,2900869120,3036938240
1781137367,2900873216,3036938240
1781137368,2900877312,3036938240
1781137369,2900881408,3036938240
1781137370,2900885504,3036938240
1781137371,2900889600,3036938240
1781137372,2900881408,3036938240
1781137373,2900897792,3036938240
1781137374,2898784256,3036938240
1781137375,2898604032,3036938240
1781137376,2898599936,3036938240
1781137377,2898599936,3036938240
1781137378,2898608128,3036938240
1781137379,2898616320,3036938240
1781137380,2898616320,3036938240
1781137381,2898616320,3036938240
1781137382,2898616320,3036938240
1781137383,2898616320,3036938240
1781137384,2898616320,3036938240
1781137385,2898616320,3036938240
1781137386,2898878464,3036938240
1781137387,2899406848,3036938240
1781137388,2898636800,3036938240
1781137389,2898632704,3036938240
1781137390,2899152896,3036938240
1781137391,2898644992,3036938240
1781137392,2898636800,3036938240
1781137393,2898616320,3036938240
1781137394,2898624512,3036938240
1781137395,2898636800,3036938240
1781137396,2898640896,3036938240
1781137397,2898870272,3036938240
1781137398,2898870272,3036938240
1781137399,2898870272,3036938240
1781137400,2898874368,3036938240
1781137401,2898874368,3036938240
1781137402,2898874368,3036938240
1781137403,2898886656,3036938240
1781137404,2898894848,3036938240
1781137405,2898829312,3036938240
1781137406,2898837504,3036938240
1781137407,2898735104,3036938240
1781137408,2898731008,3036938240
1781137409,2898739200,3036938240
1781137410,2898747392,3036938240
1781137411,2898743296,3036938240
1781137412,2898739200,3036938240
1781137413,2898747392,3036938240
1781137414,2898829312,3036938240
1781137415,2898841600,3036938240
1781137416,2898841600,3036938240
1781137418,2898837504,3036938240
1781137419,2898833408,3036938240
1781137420,2898837504,3036938240
1781137421,2898833408,3036938240
1781137422,2898817024,3036938240
1781137423,2898825216,3036938240
1781137424,2898845696,3036938240
1781137425,2898841600,3036938240
1781137426,2898755584,3036938240
1781137427,2898767872,3036938240
1781137428,2898776064,3036938240
1781137429,2898776064,3036938240
1781137430,2898784256,3036938240
1781137431,2898960384,3036938240
1781137432,2898964480,3036938240
1781137433,2898964480,3036938240
1781137434,2898964480,3036938240
1781137435,2899034112,3036938240
1781137436,2898997248,3036938240
1781137437,2899009536,3036938240
1781137438,2899025920,3036938240
1781137439,2899030016,3036938240
1781137440,2899038208,3036938240
1781137441,2898878464,3036938240
1781137442,2898890752,3036938240
1781137443,2898886656,3036938240
1781137444,2898886656,3036938240
1781137445,2898886656,3036938240
1781137446,2898890752,3036938240
1781137447,2898894848,3036938240
1781137448,2898894848,3036938240
1781137449,2898907136,3036938240
1781137450,2899058688,3036938240
1781137451,2899058688,3036938240
1781137452,2899030016,3036938240
1781137453,2899308544,3036938240
1781137454,2899075072,3036938240
1781137455,2899341312,3036938240
1781137456,2899099648,3036938240
1781137457,2899353600,3036938240
1781137458,2899107840,3036938240
1781137459,2899251200,3036938240
1781137460,2898956288,3036938240
1781137461,2898960384,3036938240
1781137462,2899087360,3036938240
1781137463,2899083264,3036938240
1781137464,2899091456,3036938240
1781137465,2899054592,3036938240
1781137466,2899283968,3036938240
1781137467,2899017728,3036938240
1781137468,2899050496,3036938240
1781137469,2899046400,3036938240
1781137470,2899062784,3036938240
1781137472,2899120128,3036938240
1781137473,2899062784,3036938240
1781137474,2899013632,3036938240
1781137475,2899021824,3036938240
1781137476,2899017728,3036938240
1781137477,2899025920,3036938240
1781137478,2899034112,3036938240
1781137479,2899034112,3036938240
1781137480,2899034112,3036938240
1781137481,2899013632,3036938240
1781137482,2899013632,3036938240
1781137483,2899050496,3036938240
1781137484,2898956288,3036938240
1781137485,2898964480,3036938240
1781137486,2898956288,3036938240
1781137487,2898952192,3036938240
1781137488,2899058688,3036938240
1781137489,2899075072,3036938240
1781137490,2899116032,3036938240
1781137491,2899136512,3036938240
1781137492,2899152896,3036938240
1781137493,2899148800,3036938240
1781137494,2899161088,3036938240
1781137495,2899460096,3036938240
1781137496,2899210240,3036938240
1781137497,2899243008,3036938240
1781137498,2899238912,3036938240
1781137499,2899243008,3036938240
1781137500,2899111936,3036938240
1781137501,2899124224,3036938240
1781137502,2899124224,3036938240
1781137503,2899197952,3036938240
1781137504,2899202048,3036938240
1781137505,2899202048,3036938240
1781137506,2899206144,3036938240
1781137507,2899214336,3036938240
1781137508,2899226624,3036938240
1781137509,2899222528,3036938240
1781137510,2899234816,3036938240
1781137511,2899226624,3036938240
1781137512,2899243008,3036938240
1781137513,2899255296,3036938240
1781137514,2899259392,3036938240
1781137515,2899263488,3036938240
1781137516,2899267584,3036938240
1781137517,2899275776,3036938240
1781137518,2914025472,3036938240
1781137519,2914009088,3036938240
1781137520,2913951744,3036938240
1781137521,2913931264,3036938240
1781137522,2913849344,3036938240
1781137523,2913853440,3036938240
1781137524,2913878016,3036938240
1781137525,2913820672,3036938240
1781137526,2913837056,3036938240
1781137527,2913832960,3036938240
1781137528,2899357696,3036938240
1781137529,2899210240,3036938240
1781137530,2899230720,3036938240
1781137531,2899226624,3036938240
1781137532,2899230720,3036938240
1781137533,2899230720,3036938240
1781137534,2899734528,3036938240
1781137536,2899509248,3036938240
1781137537,2899337216,3036938240
1781137538,2899611648,3036938240
1781137539,2899447808,3036938240
1781137540,2899443712,3036938240
1781137541,2899460096,3036938240
1781137542,2899460096,3036938240
1781137543,2900340736,3036938240
1781137544,2899566592,3036938240
1781137545,2899574784,3036938240
1781137546,2899578880,3036938240
1781137547,2900414464,3036938240
1781137548,2900013056,3036938240
1781137549,2899693568,3036938240
1781137550,2899415040,3036938240
1781137551,2899419136,3036938240
1781137552,2899419136,3036938240
1781137553,2899427328,3036938240
1781137554,2899419136,3036938240
1781137555,2899439616,3036938240
1781137556,2899439616,3036938240
1781137557,2899779584,3036938240
1781137558,2899763200,3036938240
1781137559,2899771392,3036938240
1781137560,2899763200,3036938240
1781137561,2899767296,3036938240
1781137562,2899759104,3036938240
1781137563,2899759104,3036938240
1781137564,2899763200,3036938240
1781137565,2899763200,3036938240
1781137566,2899767296,3036938240
1781137567,2927329280,3036938240
1781137568,2913320960,3036938240
1781137569,2913292288,3036938240
1781137570,2913783808,3036938240
1781137571,2913857536,3036938240
1781137572,2913591296,3036938240
1781137573,2913320960,3036938240
1781137574,2913300480,3036938240
1781137575,2913263616,3036938240
1781137576,2913275904,3036938240
1781137577,2912997376,3036938240
1781137578,2899128320,3036938240
1781137579,2899136512,3036938240
1781137580,2899099648,3036938240
1781137581,2899132416,3036938240
1781137582,2899136512,3036938240
1781137583,2899140608,3036938240
1781137584,2899140608,3036938240
1781137585,2899144704,3036938240
1781137586,2899144704,3036938240
1781137587,2899152896,3036938240
1781137588,2899140608,3036938240
1781137589,2899148800,3036938240
1781137590,2899144704,3036938240
1781137591,2899156992,3036938240
1781137592,2899128320,3036938240
1781137593,2899152896,3036938240
1781137594,2899152896,3036938240
1781137595,2899165184,3036938240
1781137597,2899173376,3036938240
1781137598,2899165184,3036938240
1781137599,2899177472,3036938240
1781137600,2899173376,3036938240
1781137601,2899181568,3036938240
1781137602,2899189760,3036938240
1781137603,2899193856,3036938240
1781137604,2899185664,3036938240
1781137605,2899197952,3036938240
1781137606,2899189760,3036938240
1781137607,2899197952,3036938240
1781137608,2899202048,3036938240
1781137609,2899181568,3036938240
1781137610,2899210240,3036938240
1781137611,2899214336,3036938240
1781137612,2899214336,3036938240
1781137613,2899214336,3036938240
1781137614,2899230720,3036938240
1781137615,2899243008,3036938240
1781137616,2899238912,3036938240
1781137617,2899488768,3036938240
1781137618,2899247104,3036938240
1781137619,2899255296,3036938240
1781137620,2905726976,3036938240
1781137621,2914512896,3036938240
1781137622,2914816000,3036938240
1781137623,2914816000,3036938240
1781137624,2914451456,3036938240
1781137625,2914455552,3036938240
1781137626,2914705408,3036938240
1781137627,2914451456,3036938240
1781137628,2914701312,3036938240
1781137629,2914721792,3036938240
1781137630,2914463744,3036938240
1781137631,2900525056,3036938240
1781137632,2900463616,3036938240
1781137633,2900148224,3036938240
1781137634,2900078592,3036938240
1781137635,2900078592,3036938240
1781137636,2900070400,3036938240
1781137637,2900221952,3036938240
1781137638,2900213760,3036938240
1781137639,2900226048,3036938240
1781137640,2900221952,3036938240
1781137641,2900230144,3036938240
1781137642,2900836352,3036938240
1781137643,2900840448,3036938240
1781137644,2900840448,3036938240
1781137645,2900840448,3036938240
1781137646,2900856832,3036938240
1781137647,2900840448,3036938240
1781137648,2900840448,3036938240
1781137649,2900848640,3036938240
1781137650,2901372928,3036938240
1781137651,2900856832,3036938240
1781137653,2900348928,3036938240
1781137654,2900869120,3036938240
1781137655,2900357120,3036938240
1781137656,2900361216,3036938240
1781137657,2900357120,3036938240
1781137658,2900361216,3036938240
1781137659,2900365312,3036938240
1781137660,2900369408,3036938240
1781137661,2900373504,3036938240
1781137662,2900635648,3036938240
1781137663,2900381696,3036938240
1781137664,2900357120,3036938240
1781137665,2900353024,3036938240
1781137666,2900357120,3036938240
1781137667,2900463616,3036938240
1781137668,2900471808,3036938240
1781137669,2900480000,3036938240
1781137670,2900475904,3036938240
1781137671,2916061184,3036938240
1781137672,2915971072,3036938240
1781137673,2916319232,3036938240
1781137674,2917134336,3036938240
1781137675,2916368384,3036938240
1781137676,2916102144,3036938240
1781137677,2916044800,3036938240
1781137678,2915819520,3036938240
1781137679,2915852288,3036938240
1781137680,2915770368,3036938240
1781137681,2901901312,3036938240
1781137682,2901901312,3036938240
1781137683,2901917696,3036938240
1781137684,2901921792,3036938240
1781137685,2901946368,3036938240
1781137686,2901975040,3036938240
1781137687,2901983232,3036938240
1781137688,2901995520,3036938240
1781137689,2902269952,3036938240
1781137690,2902003712,3036938240
1781137691,2901798912,3036938240
1781137692,2901807104,3036938240
1781137693,2901860352,3036938240
1781137694,2901962752,3036938240
1781137695,2901975040,3036938240
1781137696,2901979136,3036938240
1781137697,2902003712,3036938240
1781137698,2902011904,3036938240
1781137699,2902700032,3036938240
1781137700,2902159360,3036938240
1781137701,2902159360,3036938240
1781137702,2902216704,3036938240
1781137703,2902364160,3036938240
1781137704,2902446080,3036938240
1781137705,2902233088,3036938240
1781137706,2902491136,3036938240
1781137708,2902249472,3036938240
1781137709,2902253568,3036938240
1781137710,2902081536,3036938240
1781137711,2902097920,3036938240
1781137712,2902097920,3036938240
1781137713,2902122496,3036938240
1781137714,2902130688,3036938240
1781137715,2902134784,3036938240
1781137716,2902159360,3036938240
1781137717,2902179840,3036938240
1781137718,2902192128,3036938240
1781137719,2902200320,3036938240
1781137720,2902208512,3036938240
1781137721,2902216704,3036938240
1781137722,2902237184,3036938240
1781137723,2902265856,3036938240
1781137724,2902274048,3036938240
1781137725,2902290432,3036938240
1781137726,2902306816,3036938240
1781137727,2902323200,3036938240
1781137728,2902351872,3036938240
1781137729,2902364160,3036938240
1781137730,2902376448,3036938240
1781137731,2902355968,3036938240
1781137732,2902360064,3036938240
1781137733,2902409216,3036938240
1781137734,2902433792,3036938240
1781137735,2902458368,3036938240
1781137736,2902458368,3036938240
1781137737,2902470656,3036938240
1781137738,2902487040,3036938240
1781137739,2902503424,3036938240
1781137740,2902523904,3036938240
1781137741,2936418304,3036938240
1781137742,2918232064,3036938240
1781137743,2918248448,3036938240
1781137744,2918252544,3036938240
1781137745,2918268928,3036938240
1781137746,2918170624,3036938240
1781137747,2918178816,3036938240
1781137748,2918199296,3036938240
1781137749,2918211584,3036938240
1781137750,2918219776,3036938240
1781137751,2918006784,3036938240
1781137752,2904141824,3036938240
1781137753,2904162304,3036938240
1781137754,2904182784,3036938240
1781137755,2904178688,3036938240
1781137756,2904084480,3036938240
1781137757,2904100864,3036938240
1781137758,2904125440,3036938240
1781137759,2904137728,3036938240
1781137760,2904125440,3036938240
1781137761,2904150016,3036938240
1781137762,2904129536,3036938240
1781137763,2904145920,3036938240
1781137764,2904162304,3036938240
1781137765,2904182784,3036938240
1781137766,2904182784,3036938240
1781137767,2904203264,3036938240
1781137769,2904199168,3036938240
1781137770,2904494080,3036938240
1781137771,2904256512,3036938240
1781137772,2904764416,3036938240
1781137773,2904199168,3036938240
1781137774,2905485312,3036938240
1781137775,2905464832,3036938240
1781137776,2961788928,3036938240
1781137777,3032649728,3036938240
1781137778,3027943424,3037810688
1781137779,3027292160,3037810688
1781137780,3027193856,3037810688
1781137781,3028017152,3037810688
1781137782,3027714048,3037810688
1781137783,3027763200,3037810688
1781137784,3027664896,3037810688
1781137785,3027251200,3037810688
1781137786,3027447808,3037810688
1781137787,3022082048,3037810688
1781137788,3021217792,3037810688
1781137789,3021156352,3037810688
1781137790,3020763136,3037810688
1781137791,3019956224,3037810688
1781137792,3022123008,3037810688
1781137793,3022630912,3037810688
1781137794,3021860864,3037810688
1781137795,3022196736,3037810688
1781137796,3021598720,3037810688
1781137797,3022049280,3037810688
1781137798,3021848576,3037810688
1781137799,3022180352,3037810688
1781137800,3021938688,3037810688
1781137801,3021864960,3037810688
1781137802,3020029952,3037810688
1781137803,3020345344,3037810688
1781137804,3019743232,3037810688
1781137805,3020025856,3037810688
1781137806,3020042240,3037810688
1781137807,3020283904,3037810688
1781137808,3019780096,3037810688
1781137809,3019919360,3037810688
1781137810,3019898880,3037810688
1781137811,3020091392,3037810688
1781137812,3054927872,3056930816
1781137813,3035893760,3056930816
1781137814,3025874944,3056930816
1781137815,3024109568,3056930816
1781137816,3023462400,3056930816
1781137817,3027222528,3056930816
1781137818,3023917056,3056930816
1781137819,3024887808,3056930816
1781137820,3025186816,3056930816
1781137821,3026399232,3056930816
1781137822,3046256640,3056930816
1781137823,3028086784,3056930816
1781137824,3028250624,3056930816
1781137825,3028131840,3056930816
1781137826,3027730432,3056930816
1781137827,3028254720,3056930816
1781137828,3028262912,3056930816
1781137829,3027697664,3056930816
