ts,rss_kb
# launch 2026-06-10T23:28:52+00:00 fresh=0
1781134132,6264
1781134137,240324
1781134142,240340
1781134147,239944
1781134152,239944
1781134157,239944
1781134162,239944
1781134167,239944
1781134172,239944
1781134178,239944
1781134183,239944
1781134188,239944
1781134193,239944
# launch 2026-06-10T23:33:08+00:00 fresh=0
1781134388,87168
1781134393,240620
1781134399,240636
1781134404,240444
1781134409,240444
1781134414,240444
1781134419,240444
1781134424,240444
1781134429,240444
1781134434,240152
1781134439,240152
1781134444,240152
1781134449,240152
1781134454,240152
1781134459,240152
# launch 2026-06-10T23:47:12+00:00 fresh=0
1781135232,23220
1781135237,239928
1781135242,239944
1781135248,239664
1781135253,239664
1781135258,239664
1781135263,239664
1781135268,239664
1781135273,239664
1781135278,239664
1781135283,239664
# launch 2026-06-10T23:48:23+00:00 fresh=0
1781135303,21880
1781135308,240672
1781135313,240688
1781135318,240408
1781135323,240408
1781135328,240408
1781135333,240408
1781135339,240224
1781135344,240224
1781135349,240224
1781135354,240224
1781135359,1815392
# launch 2026-06-10T23:51:00+00:00 fresh=0
1781135460,10000
1781135465,240432
1781135470,240448
1781135475,240308
1781135480,240308
1781135485,240308
1781135490,240308
1781135495,240308
1781135501,1033984
# launch 2026-06-10T23:53:20+00:00 fresh=0
1781135600,10956
1781135605,239912
1781135610,239928
1781135615,239652
1781135620,239652
1781135625,239652
1781135630,239652
1781135635,239652
1781135640,1099540
# launch 2026-06-10T23:57:01+00:00 fresh=0
1781135821,8844
1781135826,240772
1781135831,240788
1781135836,240600
1781135841,240600
1781135846,240600
1781135851,240584
1781135857,3505880
# launch 2026-06-10T23:59:53+00:00 fresh=0
1781135994,3280
1781135999,239384
1781136004,239400
1781136009,239060
1781136014,239060
1781136019,239060
1781136024,239060
1781136029,238916
1781136034,1515100
1781136039,1515032
1781136044,1514400
1781136049,1514104
1781136054,1514108
1781136059,1514108
1781136064,1517828
1781136069,1517828
1781136074,1517824
1781136079,1517824
1781136084,1517892
1781136089,1517892
1781136094,1517892
1781136099,1517896
1781136105,1517924
1781136110,1517924
1781136115,1517924
1781136120,1517924
1781136125,1520440
1781136130,1520444
1781136135,1519676
1781136140,1519676
1781136145,1519744
1781136150,1519744
1781136155,1519744
1781136160,1519744
1781136165,1519780
1781136170,1527024
1781136175,1527024
1781136180,1526200
1781136185,1526912
1781136190,2146504
1781136195,2146508
1781136200,2145724
1781136205,2145724
1781136210,2145724
1781136216,2145724
1781136221,2145724
1781136226,2145724
1781136231,2145732
1781136236,2145732
1781136241,2145728
1781136246,2145728
1781136251,2145728
1781136256,2145728
1781136261,2145728
1781136266,2145724
1781136271,2147004
1781136276,2147004
1781136281,2146216
1781136286,3226312
1781136291,3227468
1781136296,3227456
1781136301,3226844
1781136306,3226672
1781136311,3226672
1781136317,3226672
1781136322,3226672
1781136327,3226672
1781136332,3226672
1781136337,3226672
1781136342,3226672
1781136347,3226672
1781136352,3226672
1781136357,3226672
1781136362,3226672
1781136367,3226672
1781136372,3226672
1781136377,3226672
1781136382,3226676
1781136387,3226672
1781136392,3226672
1781136397,3226672
1781136402,3226648
1781136407,3226648
1781136412,3226648
1781136417,3226648
1781136423,3226648
1781136428,3226648
1781136433,3226648
1781136438,3226652
1781136443,3226648
1781136448,3226648
1781136453,3226648
1781136458,3226652
1781136463,3226648
1781136468,3226660
1781136473,3226652
1781136478,3226652
1781136483,3226652
1781136488,3226652
1781136493,3226652
1781136498,3226644
1781136503,3226648
1781136508,3226648
1781136513,3226648
1781136519,3226648
1781136524,3226648
1781136529,3226648
1781136534,3226648
1781136539,3226648
1781136544,3226648
1781136549,3226648
1781136554,3226648
1781136559,3226648
1781136564,3226648
1781136569,3226648
1781136574,3226648
1781136579,3226648
1781136584,3226648
1781136589,3226648
1781136594,3226648
1781136599,3226648
1781136604,3226648
1781136609,3226648
1781136614,3226648
1781136620,3226648
1781136625,3226648
1781136630,3226648
1781136635,3226648
1781136640,3226648
1781136645,3226648
1781136650,3226648
1781136655,3226648
1781136660,3226648
1781136665,3226648
1781136670,3226648
1781136675,3226648
1781136680,3226644
1781136685,3226648
1781136690,3226648
1781136695,3226648
1781136700,3226648
1781136705,3226648
1781136710,3226632
1781136715,3226632
1781136721,3226632
1781136726,3226632
1781136731,3226632
1781136736,3226636
1781136741,3226636
1781136746,3226636
1781136751,3226636
1781136756,3226636
1781136761,3226636
1781136766,3226556
1781136771,3226556
1781136776,3226608
1781136781,3226608
1781136786,3226608
1781136791,3226600
1781136796,3226608
1781136801,3226608
1781136806,3226604
1781136811,3226604
1781136816,3226600
1781136822,3226584
1781136827,3227468
1781136832,3227472
1781136837,3223720
1781136842,3227560
1781136847,3227560
1781136852,3227560
1781136857,3227556
1781136862,3227548
1781136867,3227584
1781136872,3227580
1781136877,3227580
1781136882,3227580
1781136887,3227580
1781136892,3227580
1781136897,3227580
1781136902,3227580
1781136907,3227540
1781136912,3227540
1781136917,3227540
# launch 2026-06-11T00:15:39+00:00 fresh=0
1781136939,32276
1781136944,241496
1781136949,241512
1781136954,241124
1781136960,241124
1781136965,241124
1781136970,241124
1781136975,241124
1781136980,241124
1781136985,1493388
1781136990,2800256
1781136995,2808108
1781137000,2808108
1781137005,2807088
1781137010,2807096
1781137015,2810840
1781137020,2810836
1781137025,2810832
1781137030,2810832
1781137035,2810832
1781137040,2810832
1781137045,2810928
1781137050,2810928
1781137055,2810928
1781137060,2810928
1781137065,2810928
1781137071,2810976
1781137076,2810976
1781137081,2810976
1781137086,2810980
1781137091,2829284
1781137096,2829644
1781137101,2829648
1781137106,2828788
1781137111,2828788
1781137116,2828788
1781137121,2828784
1781137126,2828812
1781137131,2828816
1781137136,2828816
1781137141,2828816
1781137146,2828816
1781137151,2828816
1781137156,2828820
1781137161,2828940
1781137166,2828940
1781137171,2828936
1781137177,2828936
1781137182,2828924
1781137187,2829152
1781137192,2829192
1781137197,2829192
1781137202,2829188
1781137207,2829184
1781137212,2829172
1781137217,2829188
1781137222,2829176
1781137227,2829176
1781137232,2829176
1781137237,2829176
1781137242,2849324
1781137247,2849304
1781137252,2848356
1781137257,2848352
1781137262,2848352
1781137267,2848352
1781137272,2848348
1781137277,2848348
1781137282,2848352
1781137287,2848348
1781137292,2848352
1781137298,2848352
1781137303,2848352
1781137308,2848352
1781137313,2848352
1781137318,2887304
1781137323,2887272
1781137328,2886476
1781137333,2886476
1781137338,2886464
1781137343,2886464
1781137348,2886464
1781137353,2886464
1781137358,2886464
1781137363,2890224
1781137368,2890192
1781137373,2889724
1781137378,2889428
1781137383,2889428
1781137388,2889428
1781137394,2889428
1781137399,2889428
1781137404,2889432
1781137409,2889396
1781137414,2889396
1781137419,2889380
1781137424,2889380
1781137429,2889380
1781137434,2889380
1781137439,2889412
1781137444,2889412
1781137449,2889412
1781137454,2889412
1781137459,2889412
1781137464,2889412
1781137469,2889368
1781137474,2889368
1781137479,2889368
1781137484,2889368
1781137489,2889368
1781137495,2889400
1781137500,2889400
1781137505,2889400
1781137510,2889400
1781137515,2889400
1781137520,2890124
1781137525,2890124
1781137530,2889388
1781137535,2889380
1781137540,2889372
1781137545,2889416
1781137550,2889416
1781137555,2889412
1781137560,2889416
1781137565,2889412
1781137570,2889416
1781137575,2889416
1781137580,2889412
1781137585,2889416
1781137590,2889412
1781137595,2889412
1781137600,2889416
1781137605,2889412
1781137611,2889416
1781137616,2889416
1781137621,2889416
1781137626,2889412
1781137631,2889416
1781137636,2889416
1781137641,2889416
1781137646,2889484
1781137651,2889488
1781137656,2889488
1781137661,2889488
1781137666,2889488
1781137671,2889488
1781137676,2889488
1781137681,2889488
1781137686,2889488
1781137691,2889488
1781137696,2889488
1781137701,2889488
1781137706,2889488
1781137711,2889488
1781137716,2889488
1781137721,2889488
1781137727,2889488
1781137732,2889488
1781137737,2889488
1781137742,2893244
1781137747,2889480
1781137752,2889488
1781137757,2889488
1781137762,2889480
1781137767,2889488
1781137772,2889484
1781137777,2898768
1781137782,2904264
1781137787,2904264
1781137792,2903380
1781137797,2903384
1781137802,2903384
1781137807,2903384
1781137812,2903416
1781137817,2903636
1781137822,2903728
1781137827,2903764
1781137832,2903760
1781137838,2903756
1781137843,2903744
1781137848,2903744
1781137853,2903740
1781137858,2903744
1781137863,2903744
1781137868,2903744
1781137873,2903744
1781137878,2905740
1781137883,2911644
1781137888,2911648
1781137893,2910688
1781137898,2910688
1781137903,2910684
1781137908,2910684
1781137913,2910684
1781137918,2910684
1781137923,2910684
1781137928,2910684
1781137933,2910684
1781137938,2910684
1781137943,2905128
1781137948,2915284
1781137954,2915296
1781137959,2908100
1781137964,2908100
1781137969,2898300
1781137974,2898300
1781137979,2898300
1781137984,2898300
1781137989,2898300
1781137994,2898300
1781137999,2898300
1781138004,2898300
1781138009,2898300
1781138014,2898300
1781138019,2898300
1781138024,2898300
1781138029,2898300
1781138034,2898260
1781138039,2898256
1781138044,2898256
1781138049,2898256
1781138054,2898256
1781138059,2898256
1781138064,2898288
1781138069,2898288
1781138074,2898288
1781138079,2898288
1781138085,2898288
1781138090,2898288
1781138095,2898256
1781138100,2898256
1781138105,2898256
1781138110,2898256
1781138115,2898252
# launch 2026-06-11T00:35:35+00:00 fresh=1
1781138135,10628
1781138140,249152
1781138145,249220
1781138150,248940
1781138155,248940
1781138160,248940
1781138165,248940
1781138170,248940
1781138175,248940
1781138180,248800
1781138185,257988
1781138190,258108
1781138195,258100
1781138200,257300
1781138205,257300
1781138211,257252
1781138216,261248
1781138221,261200
1781138226,261196
1781138231,261196
1781138236,261196
1781138241,261196
1781138246,261196
1781138251,263572
1781138256,264300
1781138261,3198344
1781138266,3203264
1781138271,3253300
1781138276,3253224
1781138281,3252564
1781138286,3252244
1781138291,3252228
1781138296,3252232
1781138301,3252232
1781138307,3252188
1781138312,3252188
1781138317,3252188
1781138322,3252188
1781138327,3252188
